frame_number,window_size,mean_distance,median_player1_x,median_player1_y,median_player2_x,median_player2_y,video_name,state
49,50,3.028261543550577,1.9192293882369995,7.668240547180176,4.701341152191162,6.353514194488525,video-5,active
99,50,2.6251230451101866,1.4904250502586365,7.850977182388306,3.6102763414382935,6.317227125167847,video-5,active
149,50,1.980840113328814,1.6607416272163391,8.332072257995605,2.742139220237732,6.817152500152588,video-5,active
199,50,2.2475601081455876,2.2524701356887817,8.731625080108643,2.606622338294983,6.651681184768677,video-5,active
249,50,1.5401870228399206,2.8069297075271606,7.89684534072876,2.077760934829712,6.962010622024536,video-5,active
299,50,1.9273848089950343,2.5555442571640015,6.826606512069702,1.8255462050437927,8.521842956542969,video-5,active
349,50,1.7171159758434038,1.3865531086921692,6.890836238861084,2.3440901041030884,7.938295125961304,video-5,active
399,50,1.9632494254701973,1.2026847004890442,8.439921855926514,2.466582775115967,6.735015392303467,video-5,active
449,50,2.247139392719488,1.6892704367637634,8.602444171905518,2.31354820728302,6.631057024002075,video-5,active
499,50,0.9410212416761422,2.327044367790222,7.2495269775390625,1.4817206859588623,6.693865537643433,video-5,active
549,50,1.6159682661616697,1.5492671728134155,7.907111167907715,2.5067577362060547,6.557118892669678,video-5,active
599,50,2.378096114438336,1.2458613514900208,8.688534259796143,2.647174835205078,6.693706512451172,video-5,active
649,50,1.9696873038522278,2.148381471633911,8.362916469573975,3.581373929977417,6.820647954940796,video-5,active
699,50,1.2069710890011192,3.4721827507019043,6.291770696640015,4.418236970901489,6.821941375732422,video-5,active
749,50,1.0514448907507175,4.436235189437866,6.063202381134033,3.579087972640991,6.799062013626099,video-5,active
799,50,2.354716523903946,5.077867746353149,3.432866334915161,3.900449275970459,6.001376390457153,video-5,active
849,50,2.7497567215202157,4.426155090332031,4.4022216796875,4.175251483917236,6.494389295578003,video-5,active
849,50,2.7497567215202157,4.426155090332031,4.4022216796875,4.175251483917236,6.494389295578003,video-5,active
899,50,1.324801274698489,3.658721923828125,5.976958990097046,4.304996013641357,7.0652711391448975,video-5,end
949,50,1.8577109508219223,3.3034828901290894,6.363579511642456,4.403079986572266,7.853439807891846,video-5,end
999,50,2.1252819356562176,3.1554750204086304,6.998221397399902,4.83705997467041,8.395617961883545,video-5,end
1049,50,2.100743653757572,2.945706605911255,7.97797155380249,4.956935882568359,7.699381351470947,video-5,end
1099,50,2.8528998770041896,2.8853919506073,8.563929080963135,5.040072679519653,6.649238586425781,video-5,end
1149,50,3.2237852282357085,2.963280200958252,8.768637657165527,5.081957817077637,6.303068161010742,video-5,end
1199,50,3.4024470463934984,2.9312137365341187,8.756906509399414,5.129153728485107,6.230243921279907,video-5,end
1249,50,3.554690488522921,2.4582515954971313,8.73997974395752,5.011341571807861,6.2314653396606445,video-5,end
1299,50,3.4023334626451858,2.2654054164886475,8.173004150390625,5.044269561767578,6.231113433837891,video-5,end
1349,50,3.223258548833981,2.195980668067932,7.608662128448486,5.053686141967773,6.231066703796387,video-5,end
1349,50,3.223258548833981,2.195980668067932,7.608662128448486,5.053686141967773,6.231066703796387,video-5,end
1399,50,3.3358991806866816,2.0825687646865845,7.655395030975342,5.062124252319336,6.206515312194824,video-5,start
1449,50,3.4272666430189473,2.1244595050811768,7.947275876998901,5.069212913513184,6.206490516662598,video-5,start
1499,50,3.4216976641079726,2.0788694620132446,7.931865930557251,5.018558025360107,6.206639289855957,video-5,start
1549,50,3.364271351577115,2.014185667037964,7.716244697570801,5.050321102142334,6.182548522949219,video-5,start
1599,50,3.1991801700078986,2.1771185398101807,7.575757026672363,5.055042743682861,6.206465721130371,video-5,start
1649,50,3.2504445925477206,2.189638376235962,7.575687408447266,5.141762018203735,6.205646991729736,video-5,start
1699,50,3.198103104918884,2.1986887454986572,7.543182849884033,5.089574813842773,6.1817405223846436,video-5,start
1749,50,3.306754022562479,2.1916234493255615,7.543047904968262,5.201267957687378,6.180484771728516,video-5,start
1749,50,3.306754022562479,2.1916234493255615,7.543047904968262,5.201267957687378,6.180484771728516,video-5,start
1799,50,3.0497527589861515,2.0998892784118652,7.63913893699646,4.900671482086182,6.231980085372925,video-5,active
1849,50,2.7052550463674443,1.892459750175476,8.535658836364746,3.7853739261627197,6.383619070053101,video-5,active
1899,50,1.7338994894192827,2.3599493503570557,8.71336317062378,2.782523274421692,6.877535581588745,video-5,active
1949,50,0.9586876323319607,2.6530237197875977,7.433094263076782,1.8794957995414734,7.923906087875366,video-5,active
1999,50,0.9427214605072176,2.0211126804351807,7.370134115219116,2.4491891860961914,7.726470232009888,video-5,active
2049,50,0.9834453688547501,2.047171711921692,7.397900819778442,2.271863341331482,6.620658874511719,video-5,active
2099,50,1.11094742482189,2.5227257013320923,6.85665488243103,1.5135756731033325,7.39544939994812,video-5,active
2149,50,0.7728594251765698,1.8145989775657654,7.307504892349243,2.389405846595764,7.501503944396973,video-5,active
2199,50,1.6544416481878472,1.614173710346222,8.419698238372803,2.52823543548584,6.816251754760742,video-5,active
2249,50,1.8548291568743194,1.9240809082984924,8.50108814239502,2.50487220287323,6.776077032089233,video-5,active
2299,50,1.1647359281559284,2.4550893306732178,7.4660046100616455,1.5886000394821167,7.015796899795532,video-5,active
2349,50,1.2784067921911004,1.3012540340423584,4.977062225341797,1.926748812198639,6.396724462509155,video-5,active
2399,50,1.6965384259353737,1.829961121082306,5.360289812088013,3.2888985872268677,6.153548002243042,video-5,active
2449,50,2.010102237663355,2.875773310661316,6.4566569328308105,4.447467803955078,7.623602628707886,video-5,active
2499,50,2.075146909948811,3.287391424179077,6.818495035171509,4.645764589309692,8.397933006286621,video-5,active
2549,50,1.5665055895493225,4.3241424560546875,6.704287528991699,3.4427268505096436,7.88113260269165,video-5,active
2599,50,1.4218605385524397,4.3102216720581055,6.736944675445557,2.882061004638672,6.5535314083099365,video-5,active
2649,50,1.8826272616005832,2.743250250816345,6.745725154876709,1.7038700580596924,8.409994125366211,video-5,active
2699,50,2.1049226407319894,2.6809005737304688,6.714508771896362,2.2798744440078735,8.70911979675293,video-5,active
2749,50,0.6171715213799319,2.289484143257141,7.17738151550293,2.704098701477051,6.955985069274902,video-5,active
2799,50,1.197482547376805,2.6117055416107178,6.955548524856567,1.5257395505905151,6.441970109939575,video-5,active
2799,50,1.197482547376805,2.6117055416107178,6.955548524856567,1.5257395505905151,6.441970109939575,video-5,active
2849,50,1.5536472599109827,2.5751044750213623,6.93596625328064,1.2256041765213013,6.390223979949951,video-5,end
2899,50,2.155897062022812,2.639707088470459,7.0328404903411865,1.1287895441055298,5.356274366378784,video-5,end
2949,50,2.745188044343075,2.9722068309783936,7.035162448883057,1.2355248928070068,4.893626689910889,video-5,end
2999,50,3.261167430482179,3.6355996131896973,7.414019823074341,1.0553722381591797,5.41165828704834,video-5,end
3049,50,3.795545732723858,4.096560001373291,7.987864971160889,1.1353780031204224,5.77367639541626,video-5,end
3099,50,4.316556831471492,4.7824623584747314,8.587137699127197,1.2985607981681824,6.085434913635254,video-5,end
3149,50,5.089442479831901,5.622354507446289,8.88612699508667,1.3698639869689941,6.084420680999756,video-5,end
3199,50,5.5575382017668575,6.162686824798584,8.904519081115723,1.3699175119400024,6.096019983291626,video-5,end
3249,50,5.13864922728078,5.671626806259155,8.88355827331543,1.345369577407837,6.108034133911133,video-5,end
3299,50,4.340281637705546,4.86786675453186,8.81803560256958,1.4023439288139343,6.107337951660156,video-5,end
3349,50,3.782487455914285,4.565664291381836,7.930227994918823,1.3026642799377441,6.108839988708496,video-5,end
3349,50,3.782487455914285,4.565664291381836,7.930227994918823,1.3026642799377441,6.108839988708496,video-5,end
3399,50,3.3529560556365126,4.336541652679443,7.460175037384033,1.3006731271743774,6.108950614929199,video-5,start
3449,50,2.989821460875322,4.304427623748779,7.460110187530518,1.7040475606918335,6.104985952377319,video-5,start
3449,50,2.989821460875322,4.304427623748779,7.460110187530518,1.7040475606918335,6.104985952377319,video-5,start
3499,50,2.9106447971443488,4.657397031784058,7.438153505325317,2.230127215385437,5.85163426399231,video-5,active
3549,50,2.49655971435478,5.086950302124023,7.768463134765625,3.010511875152588,6.433712959289551,video-5,active
3599,50,1.3237702231165929,4.170081615447998,7.885975122451782,4.0201826095581055,6.746720790863037,video-5,active
3649,50,1.704788502069924,3.5474376678466797,7.029765844345093,4.872591972351074,8.387784481048584,video-5,active
3699,50,1.2504215665937648,3.5153005123138428,7.039005756378174,3.949614405632019,8.157681941986084,video-5,active
3749,50,1.709435416273918,4.7802019119262695,8.367132663726807,3.565907120704651,6.98056173324585,video-5,active
3799,50,1.6506575152230873,3.707385778427124,8.052526950836182,4.301332473754883,6.883338928222656,video-5,active
3849,50,1.8319370470537544,3.559347987174988,5.81322717666626,3.7964125871658325,7.118506908416748,video-5,active
3899,50,2.1661328878305235,5.103903532028198,4.296573162078857,3.9042000770568848,6.382730722427368,video-5,active
3949,50,1.4719907811776753,4.547734022140503,4.517831802368164,5.9489569664001465,3.6361899375915527,video-5,active
3999,50,2.2591530909055892,4.975690603256226,2.6488029956817627,5.037969589233398,3.911810040473938,video-5,active
4049,50,2.6824216481100733,5.002660512924194,2.5916495323181152,3.46698534488678,4.7200164794921875,video-5,active
4099,50,1.773564575973161,4.298451662063599,4.2842912673950195,3.7437846660614014,5.796306133270264,video-5,active
4099,50,1.773564575973161,4.298451662063599,4.2842912673950195,3.7437846660614014,5.796306133270264,video-5,active
4149,50,1.3485690758502582,4.178937911987305,5.376940965652466,3.45395028591156,6.442493915557861,video-5,end
4199,50,1.5448257590116978,4.354501724243164,6.33301568031311,2.955774664878845,6.65149712562561,video-5,end
4249,50,2.479232256268217,4.887772798538208,7.069899320602417,2.4371877908706665,7.0888025760650635,video-5,end
4299,50,3.3822519573198133,5.283194541931152,8.295512199401855,1.9644108414649963,7.404606819152832,video-5,end
4349,50,3.875964696261195,5.5454864501953125,8.843154907226562,1.880930781364441,7.569967746734619,video-5,end
4399,50,4.186252615254125,5.8416078090667725,8.896804809570312,1.8895798921585083,7.57000207901001,video-5,end
4449,50,4.169487977722433,5.824274778366089,8.894425392150879,1.8873889446258545,7.586077690124512,video-5,end
4499,50,3.693449757182857,5.5007617473602295,8.700102806091309,1.8917611837387085,7.586287498474121,video-5,end
4549,50,2.9617344125270524,4.925540924072266,8.06548547744751,2.011802911758423,7.58860445022583,video-5,end
4599,50,2.531035467537159,4.425985336303711,7.541362047195435,1.9504055380821228,7.6836652755737305,video-5,end
4649,50,2.7136680194819305,4.347714185714722,6.505688667297363,1.8558630347251892,7.696913719177246,video-5,end
4699,50,3.5221810589739517,4.791795015335083,5.855550289154053,1.879712462425232,7.69753360748291,video-5,end
4749,50,4.379428981085275,5.64319634437561,5.213156700134277,2.063938856124878,7.7489333152771,video-5,end
4799,50,4.677868709914308,6.04699182510376,5.681058645248413,1.9411295652389526,7.776390790939331,video-5,end
4849,50,4.133193304677889,5.727195739746094,6.224256277084351,1.8955354690551758,7.775397539138794,video-5,end
4899,50,3.3435058044694728,4.927959680557251,6.422921180725098,1.9515862464904785,7.7771782875061035,video-5,end
4949,50,2.929269471614593,4.534850358963013,6.459152936935425,1.9143579006195068,7.760563611984253,video-5,end
4949,50,2.929269471614593,4.534850358963013,6.459152936935425,1.9143579006195068,7.760563611984253,video-5,end
4999,50,3.0953397980500186,4.668951511383057,6.354378938674927,1.9029197692871094,7.760481834411621,video-5,start
5049,50,2.960369721966333,4.623525619506836,6.354463577270508,2.0358784198760986,7.748201847076416,video-5,start
5099,50,2.8978175811563722,4.559647560119629,6.354936122894287,2.046889543533325,7.748364448547363,video-5,start
5149,50,3.1340480344364305,4.897890567779541,6.375837802886963,2.0400736331939697,7.7482829093933105,video-5,start
5199,50,3.1324826641232635,4.843082666397095,6.3549864292144775,1.9309489130973816,7.729973554611206,video-5,start
5199,50,3.1324826641232635,4.843082666397095,6.3549864292144775,1.9309489130973816,7.729973554611206,video-5,start
5249,50,2.7449150429019373,3.801693320274353,6.404408693313599,1.4082288146018982,7.756490707397461,video-5,active
5299,50,2.0510070564909837,2.903775691986084,6.878057479858398,1.3982476592063904,8.256266593933105,video-5,active
5349,50,1.4379309081736449,3.5976359844207764,7.2498414516448975,2.3484041690826416,7.8656165599823,video-5,active
5399,50,1.9919431560808099,4.306261301040649,8.208831787109375,2.986535429954529,6.797674655914307,video-5,active
5449,50,1.6649929445165452,3.294643998146057,7.364259243011475,1.7364282011985779,7.723906755447388,video-5,active
5499,50,1.084764212997412,2.4193382263183594,6.7352294921875,2.3080331087112427,7.694575786590576,video-5,active
5549,50,1.722912260837396,1.5576608777046204,8.1235933303833,2.163710594177246,6.503783702850342,video-5,active
5599,50,1.2001933639682472,2.423640489578247,7.420382261276245,1.4778204560279846,6.968354940414429,video-5,active
5649,50,0.9188269043779189,2.5086536407470703,7.090190887451172,1.713352084159851,6.941134214401245,video-5,active
5699,50,1.0471981189643904,2.4860512018203735,6.587599754333496,1.6747874021530151,6.652927875518799,video-5,active
5749,50,1.3991507832431807,1.935677170753479,6.6732494831085205,1.320013403892517,5.2797019481658936,video-5,active
5799,50,1.3563834074775483,2.2686718702316284,6.525210618972778,1.1086531281471252,5.847480058670044,video-5,active
5799,50,1.3563834074775483,2.2686718702316284,6.525210618972778,1.1086531281471252,5.847480058670044,video-5,active
5849,50,2.0500175567874255,2.984791398048401,6.479898929595947,0.9414137601852417,6.917840242385864,video-5,end
5899,50,2.6680734534467785,3.383657693862915,7.480698108673096,0.7589390873908997,7.759794235229492,video-5,end
5949,50,2.412585524979747,3.045886278152466,8.129112243652344,0.6062639951705933,8.291167259216309,video-5,end
5999,50,2.0274338197957276,2.611544132232666,8.408442497253418,0.5969108939170837,8.647577285766602,video-5,end
6049,50,2.0052388135028307,3.0413213968276978,8.21281099319458,1.0780848264694214,8.680845737457275,video-5,end
6099,50,2.396471532960139,3.802089810371399,7.940511465072632,1.5505951046943665,8.530765533447266,video-5,end
6149,50,3.0542956524349454,4.636587142944336,7.262436866760254,1.7391428351402283,8.051610946655273,video-5,end
6199,50,4.055996094058363,5.374758958816528,6.570091724395752,1.5753600597381592,7.721975803375244,video-5,end
6249,50,4.485279660827921,5.796828269958496,6.136504411697388,1.5803729891777039,7.721740245819092,video-5,end
6299,50,3.907681636668785,5.274433135986328,6.104605197906494,1.7154026627540588,7.7096076011657715,video-5,end
6349,50,3.182489440892232,4.687631607055664,6.185652017593384,1.9237817525863647,7.714350700378418,video-5,end
6349,50,3.182489440892232,4.687631607055664,6.185652017593384,1.9237817525863647,7.714350700378418,video-5,end
6399,50,2.85401112543123,4.399947643280029,6.285430908203125,1.933997392654419,7.7144293785095215,video-5,start
6449,50,3.0438304358744883,4.63387131690979,6.2363574504852295,1.9476258754730225,7.714902400970459,video-5,start
6499,50,3.275283072551653,4.914684534072876,6.256248950958252,1.9783207178115845,7.715612411499023,video-5,start
6499,50,3.275283072551653,4.914684534072876,6.256248950958252,1.9783207178115845,7.715612411499023,video-5,start
6549,50,3.0133407781822434,4.453820466995239,6.235507249832153,1.8202056884765625,7.727823257446289,video-5,active
6599,50,2.5621112953616323,3.3625365495681763,6.3166844844818115,1.2842103838920593,7.887428283691406,video-5,active
6649,50,1.5662939667243456,2.9223355054855347,7.076550722122192,2.0007120966911316,8.130969524383545,video-5,active
6699,50,0.9443091251174586,3.6141600608825684,7.097806692123413,2.8675310611724854,6.630544185638428,video-5,active
6749,50,2.188540020100653,3.579949378967285,6.661445617675781,4.798517227172852,4.931528806686401,video-5,active
6799,50,2.128642103454905,3.4404213428497314,5.576748847961426,5.430761337280273,4.7798073291778564,video-5,active
6849,50,1.8840671732791048,3.3948529958724976,5.312100410461426,5.05303955078125,5.849595308303833,video-5,active
6849,50,1.8840671732791048,3.3948529958724976,5.312100410461426,5.05303955078125,5.849595308303833,video-5,active
6899,50,2.582436720524035,2.8866946697235107,5.298776149749756,4.8140528202056885,7.185080289840698,video-5,end
6949,50,3.0007343291809043,2.058133602142334,5.50115180015564,4.243575811386108,7.5491766929626465,video-5,end
6999,50,3.5242678877526554,1.29600989818573,5.9449193477630615,4.098400592803955,7.84586238861084,video-5,end
7049,50,3.927282256209608,0.5089355409145355,6.119544506072998,4.077029228210449,7.829873323440552,video-5,end
7099,50,3.665887515173953,0.8116285800933838,6.184398889541626,4.123399257659912,7.846185922622681,video-5,end
7149,50,3.0121340002791404,1.5512390732765198,6.289344787597656,4.104355573654175,7.845954895019531,video-5,end
7199,50,2.902319696975364,1.651052176952362,6.3541789054870605,4.112261772155762,7.846139907836914,video-5,end
7199,50,2.902319696975364,1.651052176952362,6.3541789054870605,4.112261772155762,7.846139907836914,video-5,end
7249,50,3.1020292270559753,1.3868610262870789,6.290270566940308,4.110780954360962,7.846139907836914,video-5,start
7249,50,3.1020292270559753,1.3868610262870789,6.290270566940308,4.110780954360962,7.846139907836914,video-5,start
7299,50,2.8178101572568925,1.7304517030715942,6.309283256530762,4.22295618057251,7.5637383460998535,video-5,active
7349,50,2.4641292223176148,2.563432812690735,6.392086744308472,4.84766960144043,7.359069347381592,video-5,active
7399,50,1.6716393908670866,2.9455690383911133,7.053329706192017,4.689711809158325,7.390904903411865,video-5,active
7449,50,1.8612392371608555,1.993541657924652,8.265148162841797,2.959586977958679,6.6936869621276855,video-5,active
7499,50,2.4266179783070867,2.0084714889526367,8.705145835876465,2.8422783613204956,6.478999853134155,video-5,active
7549,50,3.465160397847817,2.876710891723633,7.565186023712158,3.73430860042572,4.4010231494903564,video-5,active
7599,50,3.6760103369777433,3.2022475004196167,6.272414922714233,4.189389228820801,3.044004201889038,video-5,active
7649,50,3.31508036005239,2.2540022134780884,8.352764129638672,3.2030478715896606,5.229557752609253,video-5,active
7699,50,2.0114948813169367,2.4118236303329468,7.871337890625,1.9017530679702759,6.2399983406066895,video-5,active
7749,50,1.2337098229361647,2.4078750610351562,5.562222480773926,2.010159969329834,6.2392003536224365,video-5,active
7799,50,2.1089447037547435,1.4661884307861328,4.383254051208496,3.0114612579345703,6.092552661895752,video-5,active
7849,50,1.8233110468953009,2.6545737981796265,5.751313924789429,4.118062973022461,6.516913890838623,video-5,active
7899,50,1.061497243557991,3.4202741384506226,7.096734046936035,4.197402715682983,7.181676626205444,video-5,active
7949,50,1.4818771773502768,3.42963969707489,6.650978326797485,4.331296682357788,7.73919153213501,video-5,active
7999,50,0.8971088799992626,2.390292525291443,6.546220541000366,3.078686475753784,7.0262861251831055,video-5,active
8049,50,1.6559705137038867,1.501987874507904,4.659822940826416,2.324882984161377,6.3152594566345215,video-5,active
8099,50,2.326632868916687,1.8818570971488953,5.2319252490997314,3.4702870845794678,6.787861585617065,video-5,active
8149,50,1.6069454629316764,2.8397178649902344,6.735353469848633,3.9346847534179688,7.760679721832275,video-5,active
8199,50,1.4850927696678176,2.2140287160873413,8.334309101104736,2.999838352203369,6.9181952476501465,video-5,active
8249,50,1.7494553011893437,2.1806944608688354,8.29637622833252,1.7477126121520996,6.853975057601929,video-5,active
8299,50,1.025182973108578,2.3994051218032837,6.983602285385132,1.4439876675605774,7.387606143951416,video-5,active
8349,50,1.1373946819851475,1.485668122768402,6.4857823848724365,2.3484662771224976,7.21487283706665,video-5,active
8399,50,0.934283034553324,2.3745181560516357,6.652392387390137,1.6787028908729553,7.128686904907227,video-5,active
8449,50,1.3789277733368521,3.0712685585021973,6.565236330032349,1.9971145987510681,7.4740214347839355,video-5,active
8499,50,2.3028186320302777,4.147531986236572,5.547382116317749,2.264843702316284,7.030280351638794,video-5,active
8549,50,2.3569156244433485,4.039697170257568,5.548355579376221,2.1251814365386963,6.9720377922058105,video-5,active
8549,50,2.3569156244433485,4.039697170257568,5.548355579376221,2.1251814365386963,6.9720377922058105,video-5,active
8599,50,1.971560883771293,3.5692975521087646,5.599749565124512,1.9021327495574951,6.774882793426514,video-5,end
8649,50,1.5392462858703464,3.0986956357955933,5.81061577796936,1.6195663213729858,6.198440074920654,video-5,end
8699,50,1.58616738781245,3.258375883102417,6.081133127212524,1.6963447332382202,6.172492980957031,video-5,end
8749,50,1.7813078763945926,3.4187471866607666,6.079731464385986,1.6138123869895935,6.173285722732544,video-5,end
8749,50,1.7813078763945926,3.4187471866607666,6.079731464385986,1.6138123869895935,6.173285722732544,video-5,end
8799,50,1.8770629892818231,3.5164304971694946,5.87896728515625,1.6490719318389893,6.151978492736816,video-5,start
8849,50,2.3698515073793893,4.123634099960327,5.681904077529907,1.7298355102539062,6.148117303848267,video-5,start
8899,50,2.7028621763939658,4.774587869644165,5.746058464050293,2.2925556898117065,6.6312525272369385,video-5,start
8949,50,3.183324058664667,5.28818416595459,6.129962921142578,2.3008514642715454,7.215856552124023,video-5,start
8999,50,3.509762762156056,5.361409664154053,6.153664588928223,2.1417930126190186,7.679975986480713,video-5,start
9049,50,4.2355600799316315,5.917157173156738,5.946786642074585,1.9836819171905518,7.718463182449341,video-5,start
9099,50,4.546423920543871,6.15779972076416,5.9637370109558105,1.8857438564300537,7.713563919067383,video-5,start
9149,50,3.9576044585178187,5.477834463119507,6.201763153076172,1.8789553046226501,7.7288970947265625,video-5,start
9199,50,3.204746757440285,4.668052911758423,6.236541032791138,1.8795684576034546,7.713327884674072,video-5,start
9249,50,2.9944130827995887,4.674327373504639,6.306418180465698,1.9753155708312988,7.636627912521362,video-5,start
9299,50,2.905252686772494,4.584774971008301,6.331072568893433,2.004467487335205,7.621035099029541,video-5,start
9349,50,2.8520040858275024,4.527757167816162,6.343252897262573,2.004467725753784,7.620889902114868,video-5,start
9399,50,3.0785092312801354,4.85648775100708,6.37694787979126,2.0123496055603027,7.621107578277588,video-5,start
9449,50,3.1674688639265973,4.8817808628082275,6.376092195510864,1.9142166376113892,7.618608474731445,video-5,start
9449,50,3.1674688639265973,4.8817808628082275,6.376092195510864,1.9142166376113892,7.618608474731445,video-5,start
9499,50,2.8021513540705114,4.063196659088135,6.357146501541138,1.7278385758399963,7.794492483139038,video-5,active
9549,50,2.211997708232737,3.0388911962509155,6.7973878383636475,1.3711432814598083,8.176767349243164,video-5,active
9599,50,1.9329732763815597,2.834732174873352,6.916913032531738,1.9508259892463684,8.648467063903809,video-5,active
9649,50,1.4420779208824126,3.436386823654175,6.987240552902222,2.589751720428467,7.862749099731445,video-5,active
9699,50,1.4864584801703697,3.95544970035553,8.436429500579834,3.154805541038513,6.9785778522491455,video-5,active
9749,50,1.1123130169626507,4.356356859207153,7.172876596450806,3.4806052446365356,7.097005605697632,video-5,active
9799,50,1.2824269432245137,3.571411967277527,7.415024518966675,4.584266424179077,7.527052402496338,video-5,active
9849,50,1.6464138606685779,2.8780336380004883,6.839508295059204,4.214754104614258,7.957400798797607,video-5,active
9899,50,1.6951235944852332,1.8810609579086304,8.24641227722168,3.1136850118637085,7.026905536651611,video-5,active
9949,50,1.4127040867430667,2.480374813079834,7.8307554721832275,1.8619344234466553,7.58561897277832,video-5,active
9999,50,1.7434175905472238,2.4751951694488525,6.935059070587158,1.5784506797790527,8.354294300079346,video-5,active
10049,50,1.5158431425005858,4.147932767868042,6.861696481704712,2.698154091835022,7.137500047683716,video-5,active
10099,50,1.9824143168739943,3.7626925706863403,6.725373983383179,4.860959768295288,4.626777172088623,video-5,active
10149,50,2.9557935550927055,4.066308259963989,6.47303318977356,5.41627311706543,4.330801486968994,video-5,active
10199,50,2.294362914405095,5.081398248672485,7.719622611999512,3.87314510345459,5.728108882904053,video-5,active
10249,50,1.807078869824715,4.669258117675781,8.140283107757568,3.4261728525161743,6.787715196609497,video-5,active
10299,50,1.1612529823713658,4.347703456878662,7.730639219284058,3.4940850734710693,7.248108148574829,video-5,active
10349,50,2.272745611321688,4.856790542602539,8.493651390075684,3.308457374572754,6.777270793914795,video-5,active
10399,50,1.7378494146558605,3.764622211456299,7.722743034362793,2.3186761140823364,7.445559501647949,video-5,active
10449,50,1.5755327642818613,2.905572295188904,7.072976112365723,2.0373305082321167,8.424729824066162,video-5,active
10499,50,1.8272295567823702,4.090785026550293,5.827615976333618,3.040338397026062,7.601346492767334,video-5,active
10549,50,1.6189205333480643,4.561049699783325,4.814818382263184,3.8736571073532104,4.668365716934204,video-5,active
10599,50,3.554767722291769,4.3178863525390625,4.981963872909546,4.999627113342285,1.947316288948059,video-5,active
10649,50,1.0875171593195525,4.091429948806763,4.964849472045898,3.7258493900299072,4.082855701446533,video-5,active
10699,50,0.6644481203998958,3.5821534395217896,5.504403829574585,2.930216431617737,5.166924953460693,video-5,active
10699,50,0.6644481203998958,3.5821534395217896,5.504403829574585,2.930216431617737,5.166924953460693,video-5,active
10749,50,0.9154675981541845,3.1280065774917603,6.131576776504517,2.62857186794281,6.714479207992554,video-5,end
10799,50,1.3580779414887576,2.609803557395935,6.974382400512695,3.1659175157546997,7.263185977935791,video-5,end
10849,50,1.9227732821279275,2.1544395685195923,7.551517963409424,3.964685082435608,7.159519672393799,video-5,end
10899,50,3.3173449995588618,1.9077410697937012,8.416080951690674,4.786346912384033,6.594084739685059,video-5,end
10949,50,4.129976931388599,1.7397453784942627,8.711799621582031,5.111933469772339,6.421201944351196,video-5,end
10999,50,4.232036013013027,1.6270984411239624,8.707276344299316,4.893999099731445,6.033146142959595,video-5,end
11049,50,4.063741557527562,1.8793081045150757,8.7018141746521,4.922811031341553,5.982702732086182,video-5,end
11099,50,3.661638127055168,2.0857653617858887,8.335461139678955,4.956513404846191,5.982408046722412,video-5,end
11149,50,3.382293262229157,2.087966203689575,7.749631643295288,4.9637415409088135,5.982260704040527,video-5,end
11149,50,3.382293262229157,2.087966203689575,7.749631643295288,4.9637415409088135,5.982260704040527,video-5,end
11199,50,3.394820344397522,1.9856698513031006,7.635965824127197,4.956513404846191,5.982408046722412,video-5,start
11249,50,3.4232082007077786,2.007161855697632,7.637291431427002,5.01198673248291,5.981449127197266,video-5,start
11299,50,3.1242257779227613,2.0303144454956055,7.634716749191284,4.619560718536377,5.962105989456177,video-5,start
11299,50,3.1242257779227613,2.0303144454956055,7.634716749191284,4.619560718536377,5.962105989456177,video-5,start
11349,50,2.8817038875133005,1.4463908672332764,7.6543474197387695,4.002161383628845,6.024359941482544,video-5,active
11399,50,2.0480293781164747,1.4955648183822632,7.537481307983398,3.0569578409194946,6.22834587097168,video-5,active
11449,50,1.5142580332364048,2.9947457313537598,7.173883676528931,3.653872489929199,6.1131744384765625,video-5,active
11499,50,1.579634889253315,4.987119436264038,5.902712345123291,3.3702934980392456,6.117068767547607,video-5,active
11549,50,2.0748436807971875,4.346853971481323,6.0545642375946045,2.351552724838257,6.524613857269287,video-5,active
11599,50,1.8875256830728393,3.2642905712127686,6.756294012069702,2.1192445755004883,8.426565170288086,video-5,active
11649,50,1.4643300207826175,2.9360406398773193,6.858026504516602,2.480149507522583,8.374680519104004,video-5,active
11699,50,1.3293159740387404,2.67512583732605,7.127888202667236,1.6533522605895996,6.55928111076355,video-5,active
11749,50,1.3201163125006525,1.7500860691070557,5.426172256469727,1.9098054766654968,6.129683256149292,video-5,active
11799,50,2.5027057188673525,1.309708297252655,3.76939058303833,2.108452796936035,5.674515724182129,video-5,active
11849,50,1.1204296755266305,3.192936062812805,5.289723634719849,2.213899850845337,5.814202785491943,video-5,active
11899,50,1.273459837202809,3.762723445892334,6.26602029800415,2.5708988904953003,6.43643045425415,video-5,active
11899,50,1.273459837202809,3.762723445892334,6.26602029800415,2.5708988904953003,6.43643045425415,video-5,active
11949,50,1.8751212251940812,4.5394697189331055,6.583250045776367,2.7530633211135864,7.221235752105713,video-5,end
11999,50,2.205266304639788,5.071075439453125,6.582179546356201,3.3281415700912476,8.018684387207031,video-5,end
12049,50,2.117598903608478,5.216482639312744,6.513478517532349,3.779417037963867,8.038150310516357,video-5,end
12099,50,2.154315236329088,5.2574217319488525,6.490378379821777,3.7885615825653076,8.071822166442871,video-5,end
12149,50,2.2297679088948805,5.2818591594696045,6.490235328674316,3.71708607673645,8.068051815032959,video-5,end
12199,50,2.1392475529610793,5.266653299331665,6.490347623825073,3.7795594930648804,8.085796356201172,video-5,end
12249,50,1.7936019468377302,5.271414518356323,6.887217998504639,3.9219123125076294,7.990442752838135,video-5,end
12299,50,2.044988098032627,5.289113521575928,6.90851902961731,3.5275211334228516,7.915640354156494,video-5,end
12349,50,2.9387155534712095,5.272709608078003,6.277467727661133,2.680316686630249,7.8656792640686035,video-5,end
12399,50,3.3140823768490613,4.9744040966033936,6.232284069061279,1.9804937839508057,7.653144836425781,video-5,end
12399,50,3.3140823768490613,4.9744040966033936,6.232284069061279,1.9804937839508057,7.653144836425781,video-5,end
12449,50,3.423694784922384,4.9996562004089355,6.194923162460327,1.9216095209121704,7.651874542236328,video-5,start
12499,50,3.304696368574832,5.061142444610596,6.1817145347595215,2.1076815128326416,7.639472484588623,video-5,start
12549,50,3.0264150331146387,4.608633995056152,6.183119773864746,2.015724778175354,7.701035261154175,video-5,start
12549,50,3.0264150331146387,4.608633995056152,6.183119773864746,2.015724778175354,7.701035261154175,video-5,start
12599,50,2.790705067981638,3.629133701324463,6.0709967613220215,1.4699621796607971,7.810650825500488,video-5,active
12649,50,1.82234292663225,2.4963786602020264,6.413399696350098,1.7272273898124695,7.867629051208496,video-5,active
12699,50,0.959703460940756,1.4880149960517883,7.098152160644531,2.4368104934692383,7.299437761306763,video-5,active
12749,50,0.911762339589943,2.221879720687866,6.865186452865601,1.5223339796066284,6.311135530471802,video-5,active
12799,50,1.2547152178916772,2.090049147605896,6.893174648284912,1.436051607131958,6.432406425476074,video-5,active
12849,50,1.446010971711996,1.7415006756782532,7.848808765411377,2.403205394744873,6.609949111938477,video-5,active
12899,50,2.2379509995876052,1.7108060121536255,8.71060037612915,2.7169110774993896,6.651787281036377,video-5,active
12949,50,1.700980492911762,2.416908383369446,8.625784873962402,2.958099603652954,6.755888223648071,video-5,active
12999,50,1.5714040130966527,3.1180737018585205,6.6831018924713135,4.177938222885132,7.82356858253479,video-5,active
13049,50,2.6933166289437294,3.0249663591384888,6.038121223449707,4.172603607177734,8.630134105682373,video-5,active
13099,50,1.6659499995978582,4.169171333312988,7.084263801574707,3.4248392581939697,7.320550441741943,video-5,active
13149,50,2.30338408159928,4.992087125778198,8.700045585632324,3.4078041315078735,6.879931926727295,video-5,active
13199,50,1.884071809778568,4.234999179840088,8.109210014343262,3.9653786420822144,6.840118169784546,video-5,active
13249,50,1.430140950081438,3.66765820980072,7.040735244750977,4.9219746589660645,7.595088005065918,video-5,active
13299,50,2.4027408306898534,3.5735390186309814,6.661578416824341,5.15459680557251,8.622447967529297,video-5,active
13299,50,2.4027408306898534,3.5735390186309814,6.661578416824341,5.15459680557251,8.622447967529297,video-5,active
13349,50,2.053356214389064,3.6896101236343384,6.757043838500977,4.542176723480225,8.580522537231445,video-5,end
13399,50,2.36131555293155,3.1545662879943848,6.565317392349243,4.240176439285278,8.57517957687378,video-5,end
13449,50,3.2326352611420743,2.7241231203079224,5.905279636383057,4.415477991104126,8.582998275756836,video-5,end
13499,50,4.353670018982218,2.182616949081421,5.044191598892212,4.834400653839111,8.666609287261963,video-5,end
13549,50,5.5524693068987965,1.4073942303657532,4.646017789840698,5.179133415222168,8.86530590057373,video-5,end
13599,50,6.22960532733792,0.8955770134925842,4.262007713317871,5.114055156707764,8.858072757720947,video-5,end
13649,50,5.60301657573874,0.7196749150753021,4.821378231048584,4.53591251373291,8.83460521697998,video-5,end
13699,50,4.454495860466705,0.9440201222896576,5.494593858718872,4.3218092918396,8.403566360473633,video-5,end
13749,50,3.5891588925873794,1.2752202153205872,5.945863723754883,4.362822532653809,7.8446338176727295,video-5,end
13749,50,3.5891588925873794,1.2752202153205872,5.945863723754883,4.362822532653809,7.8446338176727295,video-5,end
13799,50,3.3090787778704462,1.3106600046157837,6.038252115249634,4.283806800842285,7.530714988708496,video-5,start
13799,50,3.3090787778704462,1.3106600046157837,6.038252115249634,4.283806800842285,7.530714988708496,video-5,start
13849,50,2.8530497801637313,1.931151807308197,5.979761123657227,4.276005268096924,7.530574798583984,video-5,active
13899,50,2.7150933999192777,2.2369375228881836,6.063495874404907,4.473897218704224,7.550539970397949,video-5,active
13949,50,2.7580286068561874,2.161240339279175,6.260044097900391,4.191985130310059,8.244176387786865,video-5,active
13999,50,3.175248605890419,1.7780193090438843,6.330533504486084,4.246192216873169,8.399619579315186,video-5,active
14049,50,3.4026280680286054,1.2812098264694214,6.247138977050781,4.19839882850647,7.936263561248779,video-5,active
14049,50,3.4026280680286054,1.2812098264694214,6.247138977050781,4.19839882850647,7.936263561248779,video-5,active
14099,50,3.5118320225980146,1.028368353843689,6.530347585678101,4.407028436660767,7.532860279083252,video-5,end
14149,50,3.439103522992286,1.0068684220314026,6.402811050415039,4.260352611541748,7.423553705215454,video-5,end
14149,50,3.439103522992286,1.0068684220314026,6.402811050415039,4.260352611541748,7.423553705215454,video-5,end
14199,50,3.322237070132346,1.1472917795181274,6.134914398193359,4.264304161071777,7.414257049560547,video-5,start
14249,50,2.8515321527780473,1.8558384776115417,6.004496335983276,4.270233392715454,7.423739433288574,video-5,start
14249,50,2.8515321527780473,1.8558384776115417,6.004496335983276,4.270233392715454,7.423739433288574,video-5,start
14299,50,2.634664172396041,2.5012547969818115,5.995192527770996,4.695960521697998,7.617720127105713,video-5,active
14349,50,2.3323024057304966,3.2381151914596558,6.410890579223633,5.135397911071777,7.975196123123169,video-5,active
14399,50,1.8209341808546424,3.2312313318252563,6.725144386291504,4.774671316146851,7.8389892578125,video-5,active
14449,50,1.175201317640811,2.5638439655303955,7.109213352203369,3.2541396617889404,7.14660120010376,video-5,active
14499,50,2.612880060510614,2.7546615600585938,6.9562883377075195,1.666452705860138,4.299508571624756,video-5,active
14549,50,3.2094121392670654,2.658461332321167,7.014413833618164,1.3754618167877197,4.335608243942261,video-5,active
14549,50,3.2094121392670654,2.658461332321167,7.014413833618164,1.3754618167877197,4.335608243942261,video-5,active
14599,50,2.913031388736085,2.6181833744049072,7.013731002807617,1.4073257446289062,4.369038105010986,video-5,end
14649,50,2.889021681850791,2.4820938110351562,7.013527154922485,1.4217831492424011,4.368246078491211,video-5,end
14699,50,4.192440100551065,2.1315280199050903,7.398745775222778,1.5151110291481018,3.9419991970062256,video-5,end
14749,50,3.111623321621228,1.6841794848442078,7.696100950241089,2.2189584970474243,4.665247917175293,video-5,end
14799,50,3.1794980820061753,1.3200931549072266,8.051721096038818,2.7795112133026123,5.243885278701782,video-5,end
14849,50,3.593495159171334,0.8792198896408081,8.19441032409668,3.492822766304016,5.629628419876099,video-5,end
14899,50,3.8578574551787472,0.6961913704872131,8.180086135864258,4.043773412704468,6.16884970664978,video-5,end
14949,50,3.9528318383320253,0.6855559945106506,8.179879188537598,4.356252908706665,6.863006114959717,video-5,end
14999,50,4.180416806446634,0.6380520761013031,8.177188873291016,4.662852048873901,6.967382907867432,video-5,end
15049,50,4.087116147877681,0.7497369945049286,8.167580604553223,4.694727420806885,7.008137226104736,video-5,end
15099,50,3.6549483516125245,1.2414265275001526,8.031376838684082,4.70323371887207,6.9879560470581055,video-5,end
15149,50,3.0871688420457155,1.692031443119049,7.442591905593872,4.709812641143799,6.987982273101807,video-5,end
15199,50,2.7022009354092957,2.2908202409744263,7.340714931488037,4.884223461151123,6.9473302364349365,video-5,end
15249,50,2.981152276176987,2.111276626586914,7.2317280769348145,5.108844518661499,6.548164129257202,video-5,end
15299,50,2.8795162108836747,2.4826886653900146,7.395256996154785,5.249610900878906,6.558773756027222,video-5,end
15349,50,3.0657282888713615,2.582642436027527,7.051758527755737,5.564005136489868,6.418681621551514,video-5,end
15399,50,3.7042756175953286,2.3905030488967896,6.973667621612549,5.941447496414185,5.992794990539551,video-5,end
15449,50,4.029061619983235,2.4930269718170166,7.515272378921509,6.2172791957855225,5.950186252593994,video-5,end
15499,50,3.857379107256059,2.2124134302139282,7.494835376739502,5.767924547195435,6.124018669128418,video-5,end
15549,50,3.599010239318226,1.9034255743026733,7.586708068847656,5.296628475189209,6.351273536682129,video-5,end
15599,50,3.122415037304505,1.8895798921585083,7.586217880249023,4.756793022155762,6.40016508102417,video-5,end
15649,50,2.870469372663137,1.8826602697372437,7.594146966934204,4.49617862701416,6.413541078567505,video-5,end
15649,50,2.870469372663137,1.8826602697372437,7.594146966934204,4.49617862701416,6.413541078567505,video-5,end
15699,50,3.019967829842253,1.9560403227806091,7.605213165283203,4.698446989059448,6.3767900466918945,video-5,start
15749,50,2.9284104568386566,2.028721332550049,7.621398448944092,4.659822225570679,6.377547264099121,video-5,start
15799,50,3.0654143435843086,2.0295177698135376,7.621398448944092,4.806657314300537,6.35300350189209,video-5,start
15849,50,3.1537341300024995,2.022732973098755,7.621325731277466,4.89880895614624,6.352355003356934,video-5,start
15899,50,3.165256286781437,2.0677292346954346,7.621398448944092,4.954274654388428,6.351909637451172,video-5,start
15899,50,3.165256286781437,2.0677292346954346,7.621398448944092,4.954274654388428,6.351909637451172,video-5,start
15949,50,2.9290906524464075,1.9277377724647522,7.621216773986816,4.577855110168457,6.353633165359497,video-5,active
15999,50,2.534954929547471,1.2969253063201904,7.830666542053223,3.439146876335144,6.407865762710571,video-5,active
16049,50,1.87494874542372,1.5072343945503235,8.106454372406006,2.6083598136901855,6.77675986289978,video-5,active
16099,50,1.0669424351356902,2.5962772369384766,7.090415000915527,1.8259155750274658,7.297542095184326,video-5,active
16149,50,1.1253735152978794,3.313278555870056,6.6073830127716064,2.500658392906189,6.876680612564087,video-5,active
16199,50,0.9506773739065423,3.8464457988739014,7.615164279937744,3.467540144920349,6.7879319190979,video-5,active
16249,50,1.1290956502218754,4.326682090759277,7.478467226028442,3.39124858379364,6.618886470794678,video-5,active
16299,50,1.396791719983164,3.5385522842407227,7.285662651062012,4.698489427566528,7.448972225189209,video-5,active
16349,50,1.4880590574872665,3.829833745956421,6.77831768989563,4.632644176483154,7.884251117706299,video-5,active
16399,50,1.5429687911558694,3.1413660049438477,7.035107851028442,4.677998781204224,6.7802839279174805,video-5,active
16449,50,0.9499038767380346,2.539468765258789,5.8692896366119385,3.2326760292053223,6.639994144439697,video-5,active
16499,50,0.740408789366441,2.019580841064453,5.18384313583374,2.522753953933716,5.211279630661011,video-5,active
16549,50,2.041949125928622,2.117278218269348,4.174076795578003,3.60608446598053,5.374276638031006,video-5,active
16599,50,1.1442278668419141,3.239155650138855,6.106911897659302,4.175191402435303,6.3605568408966064,video-5,active
16649,50,4.188480921975026,3.318716287612915,7.663565635681152,3.608863353729248,2.8291873931884766,video-5,active
16649,50,4.188480921975026,3.318716287612915,7.663565635681152,3.608863353729248,2.8291873931884766,video-5,active
16699,50,1.7558543597234921,3.0620309114456177,7.788607120513916,3.524431347846985,6.361905097961426,video-5,end
16749,50,1.997323223854113,2.981562852859497,7.895616054534912,4.103379487991333,6.335662841796875,video-5,end
16799,50,2.4947385997201796,2.9641025066375732,7.895197629928589,4.710297107696533,6.211930274963379,video-5,end
16849,50,3.2960212199283454,2.8417688608169556,7.815865993499756,5.37260103225708,5.871339797973633,video-5,end
16899,50,4.66668899767438,2.1781541109085083,7.843196392059326,5.924573183059692,5.143082141876221,video-5,end
16949,50,5.568886928711246,1.5698320865631104,8.01887845993042,6.1370227336883545,4.784561634063721,video-5,end
16999,50,5.520833344110688,1.1432405710220337,8.059983253479004,5.833143711090088,5.206855773925781,video-5,end
17049,50,5.581566877974746,0.6320981681346893,8.189044952392578,5.722659349441528,5.891040325164795,video-5,end
17099,50,5.146137004732042,0.8738815784454346,8.203456401824951,5.439659595489502,5.922732353210449,video-5,end
17149,50,4.27517629128833,1.338672161102295,8.183786869049072,5.04591178894043,6.13232946395874,video-5,end
17199,50,3.521004951806363,1.720364272594452,7.763985633850098,4.753636121749878,6.086058616638184,video-5,end
17199,50,3.521004951806363,1.720364272594452,7.763985633850098,4.753636121749878,6.086058616638184,video-5,end
17249,50,3.367368820994165,1.890218436717987,7.587479591369629,4.847945690155029,5.983805179595947,video-5,start
17299,50,3.173514376099663,1.9901598691940308,7.58860445022583,4.669201135635376,5.963798761367798,video-5,start
17299,50,3.173514376099663,1.9901598691940308,7.58860445022583,4.669201135635376,5.963798761367798,video-5,start
17349,50,2.833212850066028,1.5286970138549805,7.671119928359985,3.9318974018096924,6.073809623718262,video-5,active
17399,50,1.9520588578714417,1.4893596768379211,7.898342847824097,2.9678609371185303,6.478433847427368,video-5,active
17449,50,1.3536138465117011,2.584488868713379,7.616113901138306,1.804430365562439,7.316275596618652,video-5,active
17499,50,2.2806451580413523,2.3853453397750854,6.83660364151001,1.6134564876556396,8.429437160491943,video-5,active
17549,50,1.1924963933609105,1.5088998079299927,6.570027112960815,2.3678038120269775,7.236103296279907,video-5,active
17599,50,1.156121532316609,2.2995505332946777,6.588837146759033,1.7965294122695923,7.617744207382202,video-5,active
17649,50,2.1859228163761566,2.6851770877838135,6.6728105545043945,1.642949402332306,8.659979820251465,video-5,active
17699,50,1.804970911582303,3.4400941133499146,6.735363245010376,2.43364679813385,8.458014488220215,video-5,active
17749,50,1.8724828297876701,4.540200233459473,8.403642654418945,3.1398208141326904,7.113976955413818,video-5,active
17799,50,2.395273111335781,3.835880160331726,8.557330131530762,2.53602397441864,6.267845869064331,video-5,active
17849,50,3.027487267661282,3.0899614095687866,6.714585781097412,2.770606517791748,4.192722797393799,video-5,active
17899,50,1.5113230335800947,1.6070959568023682,4.638141393661499,2.9586360454559326,4.35780143737793,video-5,active
17949,50,2.778050424789212,1.273002564907074,3.502584457397461,3.648398756980896,5.044220685958862,video-5,active
17949,50,2.778050424789212,1.273002564907074,3.502584457397461,3.648398756980896,5.044220685958862,video-5,active
17999,50,3.033183458183399,1.9684696793556213,3.8524659872055054,5.030050992965698,3.1626189947128296,video-5,end
18049,50,2.6129897321105897,2.884361982345581,4.651785373687744,5.173007011413574,3.2141335010528564,video-5,end
18099,50,2.461625597920738,3.4739463329315186,5.325810670852661,4.368861675262451,3.396854043006897,video-5,end
18149,50,3.0475209823382685,3.8492010831832886,6.451585531234741,3.3532642126083374,3.875626564025879,video-5,end
18199,50,2.961712735626427,4.338883638381958,7.085399150848389,2.682574510574341,4.537339210510254,video-5,end
18249,50,3.0566199349122565,4.6611480712890625,7.554800987243652,2.306567430496216,5.483961343765259,video-5,end
18299,50,3.025817361590011,4.46771240234375,7.533954620361328,1.7457077503204346,6.3976545333862305,video-5,end
18349,50,3.186376602066969,4.285296440124512,7.459786415100098,1.175348699092865,7.02087664604187,video-5,end
18399,50,3.423484557799156,4.28468656539917,7.441914081573486,0.8995173275470734,6.99225115776062,video-5,end
18449,50,3.299346278668997,4.289234161376953,7.459850788116455,1.1565653085708618,6.487142324447632,video-5,end
18499,50,3.324186313128215,4.271200895309448,7.459527015686035,1.1715338826179504,6.016809463500977,video-5,end
18499,50,3.324186313128215,4.271200895309448,7.459527015686035,1.1715338826179504,6.016809463500977,video-5,end
18549,50,3.4752896838113645,4.28332781791687,7.459818601608276,1.1419786214828491,5.993085622787476,video-5,start
18599,50,3.17128124848178,4.2774224281311035,7.459397792816162,1.5529264211654663,5.991034269332886,video-5,start
18599,50,3.17128124848178,4.2774224281311035,7.459397792816162,1.5529264211654663,5.991034269332886,video-5,start
18649,50,2.8260720773360215,4.607168674468994,7.400092124938965,2.061195492744446,6.051332712173462,video-5,active
18699,50,1.8671394489765416,4.032479524612427,7.962472677230835,3.003970146179199,6.693660497665405,video-5,active
18749,50,2.0230864618836772,3.3430036306381226,8.621499061584473,2.953904151916504,6.630292177200317,video-5,active
18799,50,1.571093394113272,3.2775009870529175,7.825193166732788,4.0700671672821045,6.651043176651001,video-5,active
18849,50,1.5031465791972454,3.8105186223983765,6.56486177444458,4.2744762897491455,5.703098773956299,video-5,active
18899,50,2.114659429263027,4.6088433265686035,8.221674919128418,3.470799446105957,6.3858466148376465,video-5,active
18949,50,2.347856102067708,4.319829940795898,8.603801727294922,3.505094289779663,6.372916221618652,video-5,active
18999,50,1.3348819545406494,3.7584909200668335,7.477444171905518,4.671764850616455,7.252501010894775,video-5,active
19049,50,1.8441392253371094,3.504757046699524,6.940812349319458,4.724226951599121,8.491234302520752,video-5,active
19099,50,1.8763063801205653,2.340807557106018,6.269230127334595,3.6721386909484863,7.677184820175171,video-5,active
19149,50,1.4046031296138144,1.4983541369438171,5.126813650131226,2.7105292081832886,5.903426885604858,video-5,active
19199,50,1.4432472854442553,1.6929372549057007,3.800639271736145,2.3122740983963013,5.370488882064819,video-5,active
19249,50,2.0152406128538067,2.805157780647278,4.065019130706787,4.151270866394043,3.15980863571167,video-5,active
19299,50,3.7546549440408263,3.0386452674865723,5.797656297683716,4.8108885288238525,2.70250141620636,video-5,active
19349,50,3.5213637374363485,3.163088798522949,8.645293712615967,3.846045970916748,5.060732841491699,video-5,active
19399,50,2.009844884849688,3.412536859512329,8.43657636642456,2.978836417198181,6.651404857635498,video-5,active
19449,50,1.5749392101898596,3.080759048461914,7.2339911460876465,2.1320730447769165,8.48376989364624,video-5,active
19499,50,1.728455259217673,1.8450985550880432,6.786553382873535,2.2216652631759644,8.385683059692383,video-5,active
19549,50,1.0053613847044713,1.6041994094848633,6.987902402877808,2.547254800796509,7.098745346069336,video-5,active
19599,50,1.4611427683665377,1.2871975302696228,5.151629447937012,2.206861972808838,6.405052423477173,video-5,active
19649,50,2.0323589721877964,1.882707417011261,5.522357702255249,3.577468991279602,6.725343465805054,video-5,active
19699,50,2.2431916782895285,2.8630127906799316,6.414013147354126,4.723103284835815,8.137259006500244,video-5,active
19749,50,2.140391585965283,2.854497194290161,6.609339237213135,4.546722173690796,7.732611656188965,video-5,active
19749,50,2.140391585965283,2.854497194290161,6.609339237213135,4.546722173690796,7.732611656188965,video-5,active
19799,50,2.232754825907726,2.914803385734558,6.109882593154907,4.556516885757446,7.588513374328613,video-5,end
19849,50,2.4097394935064416,2.727564573287964,6.111770153045654,4.648725986480713,7.607354640960693,video-5,end
19899,50,2.5891723407009706,2.399609088897705,6.492064714431763,4.709565877914429,7.608734130859375,video-5,end
19949,50,2.8505067700596767,1.961566686630249,6.912675142288208,4.676265478134155,7.608427047729492,video-5,end
19999,50,3.2456783427390308,1.380662977695465,7.482069253921509,4.644688606262207,7.607354640960693,video-5,end
20049,50,3.686530823352644,0.9662227630615234,8.242409229278564,4.612601041793823,7.692263126373291,video-5,end
20099,50,3.6515906692877547,0.7235104739665985,8.641130924224854,4.314672470092773,7.839308023452759,video-5,end
20149,50,2.848481286132917,1.0865134000778198,8.681300640106201,3.923117756843567,8.455121040344238,video-5,end
20199,50,2.2704659696326606,1.6616971492767334,8.70893669128418,3.8583385944366455,8.42628002166748,video-5,end
20249,50,2.228619124408784,2.148963212966919,8.690262794494629,4.150655031204224,7.750102758407593,video-5,end
20299,50,2.566241206615369,2.2434279918670654,8.109378337860107,4.561360836029053,6.821958303451538,video-5,end
20349,50,3.1394004407292586,2.1306397914886475,7.734783887863159,4.964381694793701,6.232307434082031,video-5,end
20349,50,3.1394004407292586,2.1306397914886475,7.734783887863159,4.964381694793701,6.232307434082031,video-5,end
20399,50,3.45146084771788,2.077273726463318,7.60575008392334,5.171602725982666,6.056142568588257,video-5,start
20449,50,3.4005961751786216,2.115661859512329,7.590932846069336,5.146674633026123,6.057521820068359,video-5,start
20449,50,3.4005961751786216,2.115661859512329,7.590932846069336,5.146674633026123,6.057521820068359,video-5,start
20499,50,2.997514374590797,1.98056560754776,7.746336460113525,4.391031742095947,6.16460108757019,video-5,active
20549,50,2.559584111575822,1.9738044738769531,8.434153079986572,3.4131804704666138,6.34135627746582,video-5,active
20599,50,2.3683702768500505,1.4970440864562988,8.63298511505127,2.7453651428222656,6.609908580780029,video-5,active
20649,50,2.084569880625613,2.040355682373047,8.581098079681396,3.167055130004883,6.745758771896362,video-5,active
20699,50,1.8645974798520113,2.9109820127487183,7.666617155075073,3.6800049543380737,6.124873876571655,video-5,active
20699,50,1.8645974798520113,2.9109820127487183,7.666617155075073,3.6800049543380737,6.124873876571655,video-5,active
20749,50,2.0921096079081267,3.6963062286376953,7.323362827301025,3.3666694164276123,5.981956481933594,video-5,end
20799,50,2.3811438929441957,4.705686807632446,7.301578998565674,2.7058982849121094,6.0442214012146,video-5,end
20849,50,3.857999013903625,5.397519588470459,7.976413726806641,1.9992393255233765,6.07493257522583,video-5,end
20899,50,4.703296075700745,5.649484634399414,8.470098972320557,1.5578824877738953,6.176970481872559,video-5,end
20949,50,4.935339093409018,5.423844337463379,8.862884998321533,1.2364898920059204,6.179132461547852,video-5,end
20999,50,4.555557818592201,4.938111782073975,8.853399276733398,1.2884449362754822,6.16738748550415,video-5,end
21049,50,4.373904525088309,4.339885950088501,8.821747779846191,0.9942414462566376,6.066500186920166,video-5,end
21099,50,4.417378183762559,4.019474029541016,8.806096076965332,0.8448089957237244,5.678548812866211,video-5,end
21149,50,4.044806296027164,4.153489589691162,8.656413555145264,1.2074404954910278,5.820180177688599,video-5,end
21199,50,3.497010028855643,4.342862129211426,7.827517509460449,1.4259313941001892,6.059173345565796,video-5,end
21199,50,3.497010028855643,4.342862129211426,7.827517509460449,1.4259313941001892,6.059173345565796,video-5,end
21249,50,3.4653066046556575,4.484468221664429,7.399788856506348,1.2862401604652405,6.062376976013184,video-5,start
21299,50,3.2175610481663903,4.291985988616943,7.424018383026123,1.386271357536316,6.061051368713379,video-5,start
21349,50,3.2605407377903526,4.304427623748779,7.424266815185547,1.3351975679397583,6.084130525588989,video-5,start
21349,50,3.2605407377903526,4.304427623748779,7.424266815185547,1.3351975679397583,6.084130525588989,video-5,start
21399,50,2.90538327524236,4.268586158752441,7.426070690155029,1.790476679801941,6.057254076004028,video-5,active
21449,50,2.5253500436252154,4.726797342300415,7.357221841812134,2.5012025833129883,6.044857025146484,video-5,active
21499,50,1.8526461929633595,4.245650768280029,7.835501194000244,3.2086122035980225,6.62989068031311,video-5,active
21549,50,2.1870849542294675,3.6869020462036133,8.735767364501953,3.1611419916152954,6.629977226257324,video-5,active
21599,50,1.4811061618770804,3.289351224899292,7.801439046859741,4.468955039978027,7.621781587600708,video-5,active
21649,50,2.148777644295702,3.460205316543579,6.880191326141357,4.585253000259399,8.818689346313477,video-5,active
21699,50,1.7768576557528797,2.9227993488311768,6.672686815261841,3.540810704231262,8.30671215057373,video-5,active
21749,50,1.6404209949508817,1.435664415359497,5.330824613571167,2.648227572441101,6.220322847366333,video-5,active
21799,50,2.1234385663550754,1.9181824326515198,5.0258166790008545,3.685339093208313,6.185077905654907,video-5,active
21849,50,2.79238923435729,2.9642372131347656,6.18122124671936,5.2599403858184814,8.298946857452393,video-5,active
21899,50,2.568630336428178,2.277871012687683,7.160830020904541,4.622391939163208,7.878796339035034,video-5,active
21949,50,2.402298487178299,2.1207627058029175,8.50112247467041,3.011946439743042,6.456168174743652,video-5,active
21999,50,1.5674585971934105,2.629935383796692,7.76336669921875,1.70485258102417,6.754355430603027,video-5,active
22049,50,1.0576049041979874,2.199188470840454,6.437768459320068,1.9586346745491028,7.008942127227783,video-5,active
22099,50,1.4114771269081507,1.3311364650726318,5.810598134994507,2.0991830825805664,6.133076429367065,video-5,active
22149,50,2.33352434692922,2.127868413925171,5.828084945678711,1.1047469973564148,3.9329497814178467,video-5,active
22199,50,1.1997428487807424,1.1890395283699036,5.1390228271484375,2.067163586616516,4.699671268463135,video-5,active
22249,50,2.4443000079810644,1.4392955303192139,4.593631744384766,3.597107410430908,5.486330032348633,video-5,active
22299,50,1.6689382229633682,3.0334280729293823,6.2263689041137695,4.17811131477356,7.314551115036011,video-5,active
22349,50,2.031715641465512,4.269725322723389,5.03279709815979,2.4452186822891235,6.150584936141968,video-5,active
22399,50,2.1546254055361564,4.031071662902832,5.2745137214660645,3.222729444503784,4.099294900894165,video-5,active
22449,50,2.835006676193408,4.346632719039917,5.261947154998779,5.043750762939453,2.524072766304016,video-5,active
22499,50,1.5338743180563992,5.197977066040039,4.053874492645264,4.310920476913452,3.522039294242859,video-5,active
22499,50,1.5338743180563992,5.197977066040039,4.053874492645264,4.310920476913452,3.522039294242859,video-5,active
22549,50,2.7355952408378617,6.073496341705322,1.9425345063209534,3.9293951988220215,3.6702951192855835,video-5,end
22599,50,3.266667650724805,6.269615173339844,2.1184123754501343,3.602174401283264,3.9925615787506104,video-5,end
22649,50,3.9676653258576686,6.326385498046875,1.978605568408966,3.2850968837738037,4.674009084701538,video-5,end
22699,50,3.8019360117675647,5.625096559524536,2.7226861715316772,2.939339756965637,5.2399985790252686,video-5,end
22749,50,4.157414089773786,4.628214597702026,2.5947927236557007,2.24806547164917,5.888225555419922,video-5,end
22799,50,4.9409813382114365,3.5434871912002563,2.0628583431243896,1.52677321434021,6.6325013637542725,video-5,end
22849,50,5.851425183828613,2.4934325218200684,1.5216596722602844,1.0148603320121765,7.200628995895386,video-5,end
22899,50,6.969550840238143,1.5746005773544312,0.9610667526721954,0.5692344009876251,7.860653877258301,video-5,end
22949,50,7.754842653494489,0.5733437538146973,0.5898968577384949,0.3765382766723633,8.344485759735107,video-5,end
22999,50,8.151033349828028,0.12387792021036148,0.46350663900375366,0.4919258952140808,8.64393138885498,video-5,end
23049,50,8.103592626665096,0.2522173523902893,0.5776999294757843,1.142784059047699,8.684942245483398,video-5,end
23099,50,7.63028922892811,0.8172143399715424,1.125439703464508,1.7672737836837769,8.713869094848633,video-5,end
23149,50,7.099157981855642,1.7134936451911926,1.6575347781181335,2.3659483194351196,8.71772575378418,video-5,end
23199,50,6.200090257260518,2.6260684728622437,2.0515494346618652,2.6777817010879517,8.222815990447998,video-5,end
23249,50,5.1499810322984,3.5487061738967896,2.7171021699905396,2.586750030517578,7.6651928424835205,video-5,end
23299,50,4.3415764303326965,4.538080215454102,3.2699779272079468,2.4906253814697266,7.144927978515625,video-5,end
23349,50,4.135448063168124,5.252574920654297,4.127287149429321,2.1772714853286743,6.673171043395996,video-5,end
23399,50,4.811061752965367,5.986744165420532,4.551917314529419,1.6507554054260254,6.67342734336853,video-5,end
23449,50,5.351105160794249,5.962069511413574,4.621461868286133,1.2286805510520935,7.132357597351074,video-5,end
23499,50,5.471598193817815,5.720646858215332,4.865342617034912,0.9889340400695801,7.676952362060547,video-5,end
23549,50,5.1936194214343265,5.627036094665527,5.6074910163879395,1.0987205505371094,8.153252601623535,video-5,end
23599,50,4.106933309916868,5.135452508926392,6.279109954833984,1.6346930861473083,8.39718770980835,video-5,end
23649,50,3.3413946163242882,4.7180376052856445,6.330438613891602,1.9274797439575195,8.243451595306396,video-5,end
23699,50,3.143891874488649,4.805654764175415,6.377216339111328,1.9725589752197266,7.777635097503662,video-5,end
23699,50,3.143891874488649,4.805654764175415,6.377216339111328,1.9725589752197266,7.777635097503662,video-5,end
23749,50,3.022103464178666,4.74592399597168,6.399593353271484,2.029008150100708,7.653481483459473,video-5,start
23799,50,2.881389993847887,4.555087566375732,6.378254413604736,1.9952754378318787,7.652695894241333,video-5,start
23849,50,2.9950333818770707,4.57781457901001,6.377405643463135,1.887783169746399,7.6681647300720215,video-5,start
23899,50,3.133193996261438,4.873610258102417,6.375678539276123,2.0121190547943115,7.68462610244751,video-5,start
23949,50,3.0723350556560742,4.875308275222778,6.375694513320923,2.0524518489837646,7.6699864864349365,video-5,start
23949,50,3.0723350556560742,4.875308275222778,6.375694513320923,2.0524518489837646,7.6699864864349365,video-5,start
23999,50,2.712955821410331,3.855586886405945,6.379067659378052,1.753955364227295,7.851106643676758,video-5,active
24049,50,2.2117673608485564,2.955511450767517,6.858041048049927,1.46302992105484,8.375810623168945,video-5,active
24099,50,1.0855669002468595,2.0091311931610107,7.301158905029297,2.5196142196655273,8.02301025390625,video-5,active
24149,50,1.558519683744047,1.9630346298217773,8.006049394607544,2.6301751136779785,6.975534915924072,video-5,active
24199,50,1.4566807630828538,2.3902629613876343,6.66224479675293,1.4618765115737915,5.601137399673462,video-5,active
24249,50,2.017474440276429,3.7953213453292847,6.778061389923096,2.041687846183777,5.584635019302368,video-5,active
24299,50,2.253993162758214,4.666405200958252,7.988222599029541,2.898836374282837,6.5547935962677,video-5,active
24349,50,1.137854859880548,3.339962959289551,7.057688474655151,2.466497540473938,6.672977685928345,video-5,active
24399,50,1.0113924090675508,1.7075812816619873,6.8766961097717285,2.5394561290740967,6.836664199829102,video-5,active
24449,50,2.2574460040313906,1.2505897879600525,8.360813617706299,2.5646989345550537,6.534630060195923,video-5,active
24499,50,2.327154349597591,1.8153929710388184,8.297866821289062,2.1672390699386597,6.348575830459595,video-5,active
24549,50,0.8962966925608845,2.957537531852722,7.331838130950928,2.384921073913574,7.270971298217773,video-5,active
24599,50,1.1323941350684332,3.149515151977539,6.23786997795105,2.5550562143325806,7.282640695571899,video-5,active
24649,50,1.0318773434167685,2.117456078529358,7.247936010360718,2.967639684677124,6.98793363571167,video-5,active
24699,50,0.8185883914527662,2.2526599168777466,7.104163408279419,2.354839324951172,6.514204502105713,video-5,active
24749,50,0.9989941100315239,2.806477189064026,6.566287040710449,2.159878969192505,6.416795253753662,video-5,active
24799,50,1.91747206834257,1.9703125953674316,8.11452865600586,2.605554938316345,6.208708047866821,video-5,active
24849,50,2.5228822556021764,2.0915045738220215,8.712916374206543,2.6272101402282715,6.297976016998291,video-5,active
24899,50,1.4460736894114554,2.9754457473754883,7.421055555343628,4.175543308258057,6.810445070266724,video-5,active
24949,50,2.5313480728756574,5.077762842178345,4.386229038238525,3.9134020805358887,6.880753517150879,video-5,active
24999,50,1.7765109940861543,4.553041219711304,5.170539855957031,4.941230297088623,5.483667850494385,video-5,active
25049,50,2.8910890719105744,4.135201930999756,5.629774332046509,5.2338268756866455,3.485183000564575,video-5,active
25099,50,1.3970129142623622,4.57086443901062,6.42465353012085,4.094176530838013,5.246932029724121,video-5,active
25099,50,1.3970129142623622,4.57086443901062,6.42465353012085,4.094176530838013,5.246932029724121,video-5,active
25149,50,1.3325855566572213,4.018089532852173,6.872263431549072,3.6239964962005615,5.6399900913238525,video-5,end
25199,50,2.184259537825836,4.0515570640563965,5.573818206787109,3.2374662160873413,7.1335320472717285,video-5,end
25249,50,2.568608706850208,4.49378228187561,5.624082565307617,2.5271369218826294,7.417308330535889,video-5,end
25299,50,3.110995556476206,5.002255439758301,6.397730588912964,2.096449136734009,7.573668479919434,video-5,end
25349,50,3.280860071699158,5.058689832687378,6.351565837860107,2.0754544734954834,7.588076829910278,video-5,end
25349,50,3.280860071699158,5.058689832687378,6.351565837860107,2.0754544734954834,7.588076829910278,video-5,end
25399,50,3.246080928530306,5.080591678619385,6.132272243499756,2.179069757461548,7.575408458709717,video-5,start
25449,50,3.2151512933994604,5.068681240081787,6.132444381713867,2.200212240219116,7.55971622467041,video-5,start
25499,50,3.199888296269238,5.059157371520996,6.131869316101074,2.1966869831085205,7.559647560119629,video-5,start
25499,50,3.199888296269238,5.059157371520996,6.131869316101074,2.1966869831085205,7.559647560119629,video-5,start
25549,50,2.984263582487047,4.38849663734436,6.1430442333221436,2.0680131912231445,7.9263482093811035,video-5,active
25599,50,2.603413500134943,3.4181281328201294,6.129287958145142,1.8261541724205017,8.191472053527832,video-5,active
25649,50,2.557400014047526,3.0097239017486572,6.32084321975708,1.970954716205597,8.714334487915039,video-5,active
25699,50,2.504058973860598,2.7482866048812866,6.013591289520264,2.4253875017166138,8.4697904586792,video-5,active
25749,50,1.0953689530133142,1.609390139579773,6.987730979919434,2.6090582609176636,6.755663633346558,video-5,active
25799,50,1.1749793876241899,2.375091314315796,6.525233030319214,3.2640652656555176,7.008888006210327,video-5,active
25849,50,2.170395040931682,3.103845238685608,6.3428895473480225,3.493265151977539,8.196015357971191,video-5,active
25899,50,1.543299387990543,4.76239013671875,7.441429376602173,3.4076768159866333,7.667243480682373,video-5,active
25949,50,2.172515106885424,4.511167764663696,8.780314445495605,3.340968608856201,6.920134544372559,video-5,active
25999,50,0.9819429527778333,3.642650008201599,8.04712438583374,3.974435329437256,7.909530401229858,video-5,active
26049,50,1.9520288977452176,3.4194986820220947,7.058207273483276,4.734304666519165,8.647902488708496,video-5,active
26099,50,1.282662565352089,3.6802066564559937,7.760769844055176,4.298694133758545,8.249839782714844,video-5,active
26149,50,1.502621844487295,3.5768818855285645,7.334606885910034,4.536733150482178,8.405772686004639,video-5,active
26199,50,0.8409638632424936,2.68669855594635,7.146655082702637,3.5679529905319214,7.440832138061523,video-5,active
26249,50,1.665838080592115,2.6692044734954834,6.391366958618164,1.6649523973464966,5.233651876449585,video-5,active
26299,50,2.0786451274515687,3.772602081298828,6.704206705093384,1.867514431476593,5.628084659576416,video-5,active
26349,50,2.5567361857389077,4.739675521850586,8.435599327087402,3.1142390966415405,6.521779537200928,video-5,active
26399,50,1.801224177137106,4.030515193939209,8.10422420501709,3.58818256855011,6.819256782531738,video-5,active
26449,50,1.2882046032849097,3.5648698806762695,7.08851432800293,4.5487847328186035,7.810563564300537,video-5,active
26499,50,1.902860658296533,2.0430296659469604,6.547408580780029,3.7273510694503784,7.640650749206543,video-5,active
26549,50,1.1075987318071636,2.1121751070022583,6.590072393417358,2.6098560094833374,7.319519758224487,video-5,active
26599,50,1.2698710460127254,2.6915053129196167,6.160358667373657,1.4778106212615967,6.548619270324707,video-5,active
26649,50,2.0726421487752407,1.6560341119766235,4.959708213806152,2.0612770318984985,6.351181983947754,video-5,active
26699,50,1.727191426919046,1.3264973163604736,4.135033130645752,2.443532347679138,5.585707426071167,video-5,active
26749,50,2.169031797493997,2.2886871099472046,5.331742286682129,2.256465435028076,7.049975395202637,video-5,active
26749,50,2.169031797493997,2.2886871099472046,5.331742286682129,2.256465435028076,7.049975395202637,video-5,active
26799,50,1.9251756169666803,2.4120447635650635,6.069622039794922,1.586065411567688,7.881780385971069,video-5,end
26849,50,2.3121334079507805,2.676007390022278,6.867079973220825,0.8536772131919861,8.269647121429443,video-5,end
26899,50,2.82568238976016,3.1815857887268066,7.594542980194092,0.5410331785678864,8.460941314697266,video-5,end
26949,50,3.347408998708762,4.0547709465026855,7.526596307754517,0.8164738714694977,8.488282680511475,video-5,end
26999,50,3.7503979967944763,4.808214426040649,6.86475944519043,1.2461339235305786,8.40478801727295,video-5,end
27049,50,4.117534834129279,5.242738962173462,6.130426406860352,1.602293312549591,7.813051700592041,video-5,end
27099,50,4.405054053167582,5.586977005004883,4.853947162628174,1.985024869441986,7.354201316833496,video-5,end
27149,50,4.891881743179523,5.743770599365234,3.752540111541748,2.1025753021240234,6.855020999908447,video-5,end
27199,50,5.621572055285159,5.893494606018066,2.0572280883789062,2.3508788347244263,6.672994375228882,video-5,end
27249,50,6.8325174144780485,5.85306978225708,1.0507636070251465,2.0783615112304688,6.754939317703247,video-5,end
27299,50,7.6428904091878005,5.70257043838501,0.7134469747543335,1.8287693858146667,7.229521036148071,video-5,end
27349,50,8.091882786530673,5.672514915466309,0.903998851776123,1.535584568977356,7.767883777618408,video-5,end
27399,50,8.26442856415347,5.771486282348633,1.2220414876937866,1.2953051328659058,8.368278503417969,video-5,end
27449,50,7.293056054253901,5.964919567108154,2.8335893154144287,1.5879976749420166,8.458149909973145,video-5,end
27499,50,6.042036497579143,5.8919456005096436,3.8179240226745605,1.9384298920631409,8.54414415359497,video-5,end
27549,50,4.822047251317932,5.639249801635742,5.258676767349243,1.958733320236206,8.2095308303833,video-5,end
27599,50,3.6473916522081846,5.117968320846558,6.106794595718384,1.9847880005836487,7.876254081726074,video-5,end
27649,50,3.0414826444529153,4.525349378585815,6.307674884796143,1.830946922302246,7.745608568191528,video-5,end
27649,50,3.0414826444529153,4.525349378585815,6.307674884796143,1.830946922302246,7.745608568191528,video-5,end
27699,50,2.9442434435977627,4.477736711502075,6.331650495529175,1.846702218055725,7.744316577911377,video-5,start
27749,50,3.03207125764201,4.6807122230529785,6.330256938934326,1.9870884418487549,7.731451988220215,video-5,start
27799,50,2.8941942936769878,4.516419410705566,6.3318305015563965,1.9836819171905518,7.731331825256348,video-5,start
27849,50,3.0837353313148306,4.712777614593506,6.352765083312988,2.0024243593215942,7.731371879577637,video-5,start
27899,50,3.1422941670970164,4.835014820098877,6.329127073287964,2.0185424089431763,7.716639995574951,video-5,start
27899,50,3.1422941670970164,4.835014820098877,6.329127073287964,2.0185424089431763,7.716639995574951,video-5,start
27949,50,2.8083305413300876,4.034383296966553,6.335991382598877,1.7281041145324707,7.834066867828369,video-5,active
27999,50,2.2756485152373753,3.0475809574127197,6.7768189907073975,1.350911557674408,8.222713470458984,video-5,active
28049,50,1.90838312615698,2.6765713691711426,6.936640501022339,1.9606956243515015,8.710633754730225,video-5,active
28099,50,3.7065710429997045,2.9342838525772095,5.4814772605896,2.870112895965576,8.73448133468628,video-5,active
28149,50,3.103862272975112,4.564793348312378,3.7301642894744873,3.4690873622894287,6.607393741607666,video-5,active
28199,50,2.4938990569112356,4.823672771453857,3.6880693435668945,3.0812251567840576,5.456942558288574,video-5,active
28199,50,2.4938990569112356,4.823672771453857,3.6880693435668945,3.0812251567840576,5.456942558288574,video-5,active
28249,50,3.4991562031201515,4.488771677017212,4.347888708114624,1.8180562853813171,6.714317321777344,video-5,end
28299,50,3.5225108340215625,4.244273662567139,4.496014595031738,1.799468219280243,7.064511060714722,video-5,end
28349,50,3.209918709915566,4.14247989654541,4.60228419303894,2.616267681121826,7.420950174331665,video-5,end
28399,50,3.7119344897508544,3.9995474815368652,3.9242846965789795,3.559481382369995,7.4388322830200195,video-5,end
28449,50,1.4641306925835635,3.4089202880859375,5.591070175170898,4.2333879470825195,6.8216352462768555,video-5,end
28499,50,1.9468512050579418,2.8285902738571167,6.587749242782593,4.749964714050293,6.4238505363464355,video-5,end
28549,50,2.863885486795774,2.1857261657714844,7.086318492889404,4.860195875167847,6.060035467147827,video-5,end
28599,50,3.494056225476921,1.8377246260643005,7.6333982944488525,4.944706916809082,6.058830261230469,video-5,end
28599,50,3.494056225476921,1.8377246260643005,7.6333982944488525,4.944706916809082,6.058830261230469,video-5,end
28649,50,3.205542269123383,2.0004488825798035,7.637512683868408,4.791292190551758,6.058699607849121,video-5,start
28649,50,3.205542269123383,2.0004488825798035,7.637512683868408,4.791292190551758,6.058699607849121,video-5,start
28699,50,2.880723700344154,1.6127992272377014,7.6840832233428955,4.025470733642578,6.145742177963257,video-5,active
28749,50,2.421530062995101,1.283331573009491,7.63609504699707,3.2816734313964844,6.166555404663086,video-5,active
28799,50,2.6359176138772726,2.0849024057388306,7.397897720336914,4.2219250202178955,5.66688871383667,video-5,active
28849,50,1.800724502724014,3.976422071456909,6.428014755249023,4.47384238243103,4.913928747177124,video-5,active
28899,50,1.7885367989496677,5.597184419631958,4.124934434890747,4.114703178405762,5.0204057693481445,video-5,active
28899,50,1.7885367989496677,5.597184419631958,4.124934434890747,4.114703178405762,5.0204057693481445,video-5,active
28949,50,2.56835651170962,6.0502095222473145,3.2818559408187866,4.124983310699463,5.020030975341797,video-5,end
28999,50,2.3028740600369035,6.120680332183838,3.804961323738098,4.124342203140259,5.020030975341797,video-5,end
29049,50,2.032588020212741,6.000202894210815,5.015323638916016,4.015668869018555,5.0239577293396,video-5,end
29099,50,1.713377967158132,5.542752265930176,5.652609586715698,3.8158658742904663,5.38551139831543,video-5,end
29149,50,1.7012422438340062,4.8511857986450195,6.305172920227051,3.240539312362671,5.729309797286987,video-5,end
29199,50,2.0219004826763514,4.577996253967285,6.3543620109558105,2.5543808937072754,6.469565153121948,video-5,end
29249,50,2.719104847067629,4.694263458251953,6.353938817977905,2.1383637189865112,6.991337060928345,video-5,end
29299,50,3.4184163123755895,5.002995491027832,6.303723335266113,1.84461510181427,7.632923126220703,video-5,end
29299,50,3.4184163123755895,5.002995491027832,6.303723335266113,1.84461510181427,7.632923126220703,video-5,end
29349,50,3.1589383186474804,4.808698654174805,6.305328845977783,2.011889696121216,7.747308731079102,video-5,start
29399,50,2.9305981750860806,4.591519832611084,6.354446649551392,2.0369133949279785,7.763844966888428,video-5,start
29449,50,3.08198592475176,4.772482633590698,6.353259325027466,2.04369854927063,7.779339790344238,video-5,start
29499,50,3.1131434233415884,4.881223201751709,6.329565048217773,2.0929532051086426,7.764586448669434,video-5,start
29499,50,3.1131434233415884,4.881223201751709,6.329565048217773,2.0929532051086426,7.764586448669434,video-5,start
29549,50,2.854785755424039,3.951608657836914,6.338080883026123,1.722533643245697,7.895399332046509,video-5,active
29599,50,2.337841036342449,3.0475809574127197,6.776951551437378,1.4845422506332397,8.426709175109863,video-5,active
29649,50,1.4984189836662674,2.187592387199402,7.046271800994873,2.548543930053711,8.358068466186523,video-5,active
29699,50,0.9683184846987832,2.531735420227051,6.660994052886963,2.93698251247406,7.232586145401001,video-5,active
29749,50,1.5222056590478386,2.7082293033599854,6.265792608261108,1.6119062304496765,7.4155967235565186,video-5,active
29799,50,2.084697622986687,2.1130120754241943,6.050022840499878,1.7031116485595703,7.614079236984253,video-5,active
29799,50,2.084697622986687,2.1130120754241943,6.050022840499878,1.7031116485595703,7.614079236984253,video-5,active
29849,50,2.5476892014066945,1.2476715445518494,5.620177268981934,2.443646550178528,7.516561985015869,video-5,end
29899,50,3.0079217745355264,0.7853143811225891,5.604088306427002,3.196346640586853,7.3901824951171875,video-5,end
29949,50,3.3115966068461535,1.0321256518363953,5.921922206878662,3.9717555046081543,7.398122310638428,video-5,end
29999,50,3.1597934030287043,1.3589301705360413,6.311511039733887,4.298898458480835,7.566135883331299,video-5,end
29999,50,3.1597934030287043,1.3589301705360413,6.311511039733887,4.298898458480835,7.566135883331299,video-5,end
30049,50,3.0078700406209644,1.5817635655403137,6.354639291763306,4.3277764320373535,7.566427230834961,video-5,start
30099,50,3.1635763011865907,1.3924283981323242,6.356405258178711,4.331667900085449,7.549320220947266,video-5,start
30099,50,3.1635763011865907,1.3924283981323242,6.356405258178711,4.331667900085449,7.549320220947266,video-5,start
30149,50,2.8704752907939057,1.7398648262023926,6.353590250015259,4.298611879348755,7.564717769622803,video-5,active
30199,50,2.3897505820617004,2.526471734046936,6.392244338989258,4.742563247680664,7.301631927490234,video-5,active
30249,50,1.8088517563480648,2.9876999855041504,6.97806191444397,4.812678098678589,7.2569568157196045,video-5,active
30299,50,1.5809079857094195,2.820610523223877,8.355308055877686,3.7907484769821167,7.10232400894165,video-5,active
30349,50,2.150394048583652,3.5709850788116455,8.785534381866455,3.6760610342025757,6.672169208526611,video-5,active
30399,50,1.4535951667138471,3.5604820251464844,8.19262170791626,2.388067603111267,7.262044906616211,video-5,active
30449,50,0.9523022451693172,2.8239238262176514,7.0223236083984375,2.3417060375213623,7.655733346939087,video-5,active
30499,50,1.172910037811064,1.7224716544151306,7.758034706115723,2.564236640930176,6.865353345870972,video-5,active
30549,50,0.9723008368297105,2.379755139350891,7.162033319473267,1.5031295418739319,7.062836647033691,video-5,active
30599,50,0.8659847823277186,2.9786916971206665,6.745779275894165,2.2930831909179688,6.258551120758057,video-5,active
30649,50,1.3437836290737797,2.791752576828003,6.230328798294067,3.996046304702759,5.931185245513916,video-5,active
30699,50,2.8510806618406686,3.15722119808197,6.1080403327941895,5.124993324279785,8.245903491973877,video-5,active
30699,50,2.8510806618406686,3.15722119808197,6.1080403327941895,5.124993324279785,8.245903491973877,video-5,active
30749,50,3.1721174308186653,3.4291908740997314,6.052009582519531,4.991596221923828,8.849560260772705,video-5,end
30799,50,3.1744741278880584,4.0855817794799805,6.0709967613220215,4.3303375244140625,8.831995010375977,video-5,end
30849,50,2.582677707363379,4.811279058456421,6.616507053375244,3.2302346229553223,8.776990413665771,video-5,end
30899,50,3.0815849676872475,5.328517436981201,7.34688663482666,2.6849939823150635,8.75171709060669,video-5,end
30949,50,3.63212979255466,5.5818235874176025,7.350691795349121,2.151661515235901,8.588632583618164,video-5,end
30999,50,3.665200143924526,5.4036784172058105,6.940436124801636,1.8942409753799438,7.984378337860107,video-5,end
31049,50,3.2730731050592308,4.830856561660767,6.400413751602173,1.913570761680603,7.714468955993652,video-5,end
31049,50,3.2730731050592308,4.830856561660767,6.400413751602173,1.913570761680603,7.714468955993652,video-5,end
31099,50,3.1523605026910086,4.753139019012451,6.2824180126190186,1.9182907342910767,7.6985814571380615,video-5,start
31149,50,3.1299696752702078,4.771644592285156,6.2819013595581055,1.942870318889618,7.699008941650391,video-5,start
31199,50,3.0395111787777065,4.646511077880859,6.330674171447754,1.9387670755386353,7.699242353439331,video-5,start
31249,50,3.1923676048224094,4.915353298187256,6.376647472381592,1.9831982851028442,7.700021266937256,video-5,start
31249,50,3.1923676048224094,4.915353298187256,6.376647472381592,1.9831982851028442,7.700021266937256,video-5,start
31299,50,3.0547893096982928,4.596076965332031,6.376092433929443,1.8462296724319458,7.699164628982544,video-5,active
31349,50,2.6282002588795566,3.5664435625076294,6.45250391960144,1.308217704296112,7.8444225788116455,video-5,active
31399,50,1.6093523016332743,2.9300373792648315,6.837864398956299,1.8829300999641418,8.097089290618896,video-5,active
31449,50,1.5524282106150633,4.066668272018433,7.892441511154175,2.94526469707489,6.93827486038208,video-5,active
31499,50,2.236266669826507,4.30388879776001,8.802310466766357,3.2208445072174072,6.756552219390869,video-5,active
31549,50,1.4630138100069567,4.426123142242432,7.982892274856567,3.4899646043777466,7.685044527053833,video-5,active
31599,50,1.7966209735898846,4.291703939437866,8.352467060089111,3.3938965797424316,6.920213222503662,video-5,active
31649,50,1.3459536296439554,3.384606719017029,6.859558582305908,2.292410135269165,7.723370313644409,video-5,active
31699,50,1.9660678159971152,2.070438027381897,6.673254013061523,2.601029872894287,7.7887513637542725,video-5,active
31699,50,1.9660678159971152,2.070438027381897,6.673254013061523,2.601029872894287,7.7887513637542725,video-5,active
31749,50,1.942403106876251,1.5117164850234985,6.244072914123535,2.715076208114624,7.919492959976196,video-5,end
31799,50,2.971957386436718,1.5125065445899963,5.397180080413818,2.7375614643096924,7.950879812240601,video-5,end
31849,50,3.9948374022644395,1.6626379489898682,4.074618577957153,2.4816704988479614,8.233830451965332,video-5,end
31899,50,5.172449874114105,2.2409605979919434,3.0877987146377563,2.6426918506622314,8.381952285766602,video-5,end
31949,50,6.189463967687084,2.866312026977539,2.5480624437332153,2.645285725593567,8.735034942626953,video-5,end
31999,50,6.40824736074791,3.733691692352295,2.4167556762695312,2.5508939027786255,8.749154090881348,video-5,end
32049,50,5.766167642091741,3.461977005004883,3.146575450897217,2.4235719442367554,8.744116306304932,video-5,end
32099,50,5.023568417382778,3.4642984867095947,4.0241899490356445,2.5268722772598267,8.747978687286377,video-5,end
32149,50,3.9772864303385806,3.6602247953414917,4.9298741817474365,2.853348731994629,8.76252269744873,video-5,end
32199,50,3.550139726904986,4.0843186378479,5.3202292919158936,2.857945442199707,8.764135837554932,video-5,end
32249,50,2.7914975699774787,4.238025426864624,6.584219217300415,2.425065755844116,8.74384069442749,video-5,end
32299,50,3.0221152954439505,4.130853176116943,6.862154483795166,1.7618967294692993,8.707946300506592,video-5,end
32349,50,3.699899983507028,3.802907109260559,6.302221059799194,1.0977567434310913,8.68301248550415,video-5,end
32399,50,4.77705552534051,3.9863083362579346,5.494007349014282,0.6450760066509247,8.658012390136719,video-5,end
32449,50,4.433020652027474,4.02805757522583,4.506075143814087,2.095550298690796,7.671205043792725,video-5,end
32449,50,4.433020652027474,4.02805757522583,4.506075143814087,2.095550298690796,7.671205043792725,video-5,end
32449,50,4.433020652027474,4.02805757522583,4.506075143814087,2.095550298690796,7.671205043792725,video-5,end
32499,50,2.9023495702241786,4.261954307556152,6.018225908279419,1.9088736176490784,7.732172727584839,video-5,active
32549,50,2.459039517841711,3.001334071159363,6.104090452194214,1.272039532661438,7.748317241668701,video-5,active
32599,50,1.647353066974299,3.2287932634353638,6.531657934188843,1.7108976244926453,7.340693950653076,video-5,active
32649,50,1.5688105175364147,3.6114171743392944,8.049991607666016,2.8779571056365967,6.609116077423096,video-5,active
32699,50,2.8618272835690646,3.2262390851974487,8.75095510482788,3.152470827102661,6.4104273319244385,video-5,active
32699,50,2.8618272835690646,3.2262390851974487,8.75095510482788,3.152470827102661,6.4104273319244385,video-5,active
32749,50,2.0175814930021594,2.0403159856796265,8.49268102645874,3.2146668434143066,6.798505067825317,video-5,end
32799,50,2.3239951327681045,1.702382206916809,7.26213264465332,3.996852993965149,7.216912031173706,video-5,end
32849,50,3.7353833081609906,1.1021144390106201,6.403011322021484,4.374683618545532,8.40718126296997,video-5,end
32899,50,4.520236012620603,1.1819061040878296,6.2696614265441895,4.886423826217651,8.852712154388428,video-5,end
32949,50,4.30441460471883,1.378223180770874,6.060960531234741,4.677746057510376,8.834453582763672,video-5,end
32999,50,3.711110466209172,1.4026378393173218,6.084478855133057,4.442936182022095,8.223158359527588,video-5,end
32999,50,3.711110466209172,1.4026378393173218,6.084478855133057,4.442936182022095,8.223158359527588,video-5,end
33049,50,3.319864502798322,1.2639179229736328,6.085983753204346,4.300769805908203,7.459624290466309,video-5,start
33099,50,2.7790750839968457,1.9895046949386597,5.9779462814331055,4.252450942993164,7.426008462905884,video-5,start
33099,50,2.7790750839968457,1.9895046949386597,5.9779462814331055,4.252450942993164,7.426008462905884,video-5,start
33149,50,2.2019202274170713,2.714224696159363,6.184420108795166,4.641994953155518,7.3002119064331055,video-5,active
33199,50,1.9413322422357782,3.1933332681655884,6.683082580566406,4.10956335067749,8.570138931274414,video-5,active
33249,50,2.085045942845884,3.310867190361023,6.565423011779785,3.3601841926574707,8.597526550292969,video-5,active
33299,50,1.63640365623463,4.552381992340088,8.335436344146729,3.2953436374664307,7.597941875457764,video-5,active
33349,50,2.3011674567238876,4.088671445846558,8.81379222869873,3.3607360124588013,6.672410726547241,video-5,active
33399,50,2.3004429709692813,2.812751531600952,7.3122758865356445,1.7609196901321411,5.282590866088867,video-5,active
33449,50,2.0459475182832536,2.3916351795196533,6.210902452468872,1.2788483500480652,4.678991079330444,video-5,active
33499,50,1.0533568083626026,1.8829786777496338,6.35409951210022,2.062709093093872,5.2935791015625,video-5,active
33549,50,1.2352576780965419,3.0007529258728027,6.0113255977630615,1.8510634303092957,6.59017539024353,video-5,active
33599,50,0.8950684365073878,1.7033961415290833,5.887152671813965,2.497788906097412,6.278743505477905,video-5,active
33649,50,1.2593491722425691,1.0678395628929138,4.455107927322388,1.8139549493789673,5.632638454437256,video-5,active
33649,50,1.2593491722425691,1.0678395628929138,4.455107927322388,1.8139549493789673,5.632638454437256,video-5,active
33699,50,1.8527007540127738,1.0807297825813293,4.108435153961182,1.6661888360977173,5.3922364711761475,video-5,end
33749,50,1.4960167343765034,0.8213880360126495,4.461349964141846,1.5914210677146912,5.738022565841675,video-5,end
33799,50,2.2048432084162526,0.55674147605896,4.47839879989624,2.264526605606079,5.9004926681518555,video-5,end
33849,50,2.532500174159831,0.726447582244873,4.473852872848511,3.1075856685638428,5.557699203491211,video-5,end
33899,50,2.9968970401809116,0.7990835011005402,4.941179275512695,3.765574812889099,5.3871259689331055,video-5,end
33949,50,3.456193228798374,0.9299397468566895,5.792152404785156,4.389810085296631,5.412196397781372,video-5,end
33999,50,3.7668924504950776,1.195217490196228,6.703946113586426,4.7712366580963135,5.695529222488403,video-5,end
34049,50,3.935553860599774,1.5897331237792969,7.329261064529419,5.293672800064087,5.899054527282715,video-5,end
34099,50,3.4089200269973032,2.1532052755355835,7.703893661499023,5.148162364959717,6.131350517272949,video-5,end
34099,50,3.4089200269973032,2.1532052755355835,7.703893661499023,5.148162364959717,6.131350517272949,video-5,end
34149,50,3.4291345840180516,2.1481564044952393,7.695289134979248,5.207213401794434,6.130831241607666,video-5,start
34149,50,3.4291345840180516,2.1481564044952393,7.695289134979248,5.207213401794434,6.130831241607666,video-5,start
34199,50,3.311889741353716,2.0895215272903442,7.717432022094727,5.055083274841309,6.132128477096558,video-5,active
34249,50,2.94584796725826,1.987404704093933,7.970964193344116,4.246281147003174,5.969238042831421,video-5,active
34299,50,2.1721742488814786,2.0105060935020447,7.9711079597473145,3.1215906143188477,5.9802024364471436,video-5,active
34349,50,1.5663529368330438,2.5299214124679565,6.786122798919678,1.5758225917816162,5.83837366104126,video-5,active
34399,50,1.7458773422969927,3.7963438034057617,6.407164096832275,1.9371757507324219,6.260415554046631,video-5,active
34449,50,2.233138406297857,4.283761739730835,7.575704574584961,2.7847940921783447,6.159995079040527,video-5,active
34499,50,3.064308185140458,4.0500781536102295,8.708917617797852,2.873131275177002,5.964991092681885,video-5,active
34549,50,3.4959725444787075,3.7827807664871216,8.27307653427124,2.5265798568725586,4.671463966369629,video-5,active
34599,50,2.1121054968428323,2.988818049430847,6.297959566116333,2.2519474029541016,4.592174053192139,video-5,active
34649,50,1.861342554906345,2.6596038341522217,6.042978763580322,2.3917351961135864,4.4492363929748535,video-5,active
34649,50,1.861342554906345,2.6596038341522217,6.042978763580322,2.3917351961135864,4.4492363929748535,video-5,active
34699,50,1.3378179706472606,3.4193789958953857,6.920272588729858,2.7410987615585327,5.941563367843628,video-5,end
34749,50,2.414536690605729,4.240052700042725,7.45906662940979,2.1673449277877808,6.23852014541626,video-5,end
34799,50,3.345979823072664,4.5392091274261475,7.799645185470581,1.5703096985816956,6.26510763168335,video-5,end
34849,50,3.295320869306321,4.515904188156128,8.086151599884033,1.567784070968628,6.549011707305908,video-5,end
34899,50,2.804689198005521,4.38553524017334,7.885230541229248,1.778343141078949,6.873318433761597,video-5,end
34949,50,3.0973225014573256,4.368668794631958,7.567339658737183,1.5035471320152283,6.163898229598999,video-5,end
34949,50,3.0973225014573256,4.368668794631958,7.567339658737183,1.5035471320152283,6.163898229598999,video-5,end
34999,50,3.1790004691384217,4.232422351837158,7.511900901794434,1.3189414739608765,6.1308064460754395,video-5,start
34999,50,3.1790004691384217,4.232422351837158,7.511900901794434,1.3189414739608765,6.1308064460754395,video-5,start
35049,50,2.941886765559517,4.419867038726807,7.48343563079834,1.8750789761543274,6.029234886169434,video-5,active
35099,50,2.075258899445013,4.628384113311768,7.262436866760254,2.6116310358047485,6.279756784439087,video-5,active
35149,50,1.7224834836829392,3.5992395877838135,6.860281467437744,3.0146541595458984,6.704123020172119,video-5,active
35199,50,2.079733254052014,3.0758635997772217,5.936702013015747,3.285889983177185,5.4462597370147705,video-5,active
35249,50,1.2717606556938514,4.427044153213501,5.52810525894165,3.204185724258423,5.636306047439575,video-5,active
35299,50,1.0699818583550804,3.771206259727478,6.099826097488403,3.740255832672119,7.061561822891235,video-5,active
35349,50,1.2397608378538265,4.532532453536987,5.752486705780029,3.6638875007629395,7.166322946548462,video-5,active
35399,50,1.7940110017268145,4.770429372787476,5.272655248641968,3.6532007455825806,6.361581325531006,video-5,active
35449,50,1.2436370319455659,3.7616515159606934,5.430576324462891,4.806145191192627,6.111419439315796,video-5,active
35499,50,1.5026897969642348,2.608788013458252,6.232295036315918,3.987618088722229,6.021442890167236,video-5,active
35549,50,2.192143884353881,2.485337018966675,8.07447338104248,3.486400604248047,6.028687953948975,video-5,active
35599,50,2.887015058142193,2.6427172422409058,8.741363525390625,3.4134095907211304,5.981063604354858,video-5,active
35649,50,3.2566844278285685,3.0967681407928467,8.24267053604126,3.909738302230835,4.981748580932617,video-5,active
35699,50,4.460155753560383,3.2343701124191284,6.735609531402588,4.213562726974487,2.2468920946121216,video-5,active
35749,50,5.2378016493211526,3.1885465383529663,5.487268447875977,3.1885753870010376,0.11030669882893562,video-5,active
35799,50,2.166001818929021,4.028311252593994,4.673262357711792,3.0797054767608643,3.325289249420166,video-5,active
35799,50,2.166001818929021,4.028311252593994,4.673262357711792,3.0797054767608643,3.325289249420166,video-5,active
35849,50,1.9545178952724696,4.58897066116333,4.475218057632446,3.0448505878448486,3.327448844909668,video-5,end
35899,50,2.766094180193436,4.477004289627075,5.308544635772705,2.8931362628936768,3.1970980167388916,video-5,end
35949,50,2.751491685329833,3.8421804904937744,6.122868299484253,2.2191466093063354,4.0422704219818115,video-5,end
35999,50,2.5196059605608956,3.2873789072036743,6.83871603012085,2.0754339694976807,4.5361244678497314,video-5,end
36049,50,2.5120966652714602,2.712794065475464,7.346559286117554,2.2254364490509033,4.878631114959717,video-5,end
36099,50,2.378642822184487,2.061877131462097,7.491796016693115,2.571463465690613,5.19111967086792,video-5,end
36149,50,2.647849915671402,1.9222798943519592,7.666424989700317,3.557620048522949,5.543498516082764,video-5,end
